Kartica,Kategorija,Naziv HR,Opis HR,Količina,Cijena,Sidrena cijena,Alergeni,Prikaži,Za van,Vino uz jelo,Naziv EN,Opis EN,Naziv DE,Opis DE,Naziv IT,Opis IT,Naziv FR,Opis FR,Naziv ES,Opis ES,Naziv PT,Opis PT,Naziv NL,Opis NL,Naziv PL,Opis PL,Naziv RU,Opis RU,Naziv HU,Opis HU,Naziv CS,Opis CS,Naziv SK,Opis SK,Naziv SL,Opis SL,Naziv UA,Opis UA,Naziv RO,Opis RO,Slika
Jelovnik,HLADNA PREDJELA,dalmatinski pršut 100 g.,"masline, smokve, dalmatinski pršut",,"15,50","15,50",12,DA,DA,,Dalmatian prosciutto 100 g,"olives, figs, Dalmatian prosciutto",Dalmatiner-Prosciutto 100 g,"Oliven, Feigen, dalmatinischer Prosciutto",Prosciutto dalmata 100 g,"olive, fichi, prosciutto dalmata",jambon cru dalmate 100 g,jambon cru dalmate 100 g,Prosciutto dálmata 100 g,"aceitunas, higos, jamón dálmata",Presunto dálmata 100 g,"azeitonas, figos, presunto da Dalmácia",Dalmatische prosciutto 100 g,"olijven, vijgen, Dalmatische prosciutto",Prosciutto dalmatyńskie 100 g,"oliwki, figi, prosciutto dalmatyńskie",Далматинская прошутто 100 г,"оливки, инжир, далматинская прошутто",Dalmát sonka 100 g,"olajbogyó, füge, dalmát sonka",Dalmatský pršut 100 g,"olivy, fíky, dalmatský pršut",Dalmatínsky pršut 100 g,"olivy, figy, dalmatínsky pršut",Dalmatinski pršut 100 g,"olive, fige, dalmatinski pršut",Далматинська ветчина 100 г,"оливки, інжир, далматинська ветчина",Prosciutto dalmată 100 g,"măsline, smochine, prosciutto dalmat",prsut-sir.jpg
Jelovnik,HLADNA PREDJELA,ovčiji sir 100 g.,"masline, ukiseljene jabuke, ovčji sir",,"15,50","15,50","7,12",DA,DA,,sheep's cheese 100 g,"olives, pickled apples, sheep cheese",Schafskäse 100 g,"Oliven, eingelegte Äpfel, Schafskäse",formaggio di pecora 100 g,"olive, mele sottaceto, formaggio di pecora",fromage de brebis 100 g,fromage de brebis 100 g,queso de oveja 100 g,"aceitunas, manzanas encurtidas, queso de oveja",queijo de ovelha 100 g,"azeitonas, maçãs em conserva, queijo de ovelha",schapenkaas 100 g,"olijven, ingelegde appels, schapenkaas",ser owczy 100 g,"oliwki, marynowane jabłka, ser owczy",овечий сыр 100 г,"оливки, маринованные яблоки, овечий сыр",juhsajt 100 g,"olajbogyó, savanyított alma, juhsajt",ovčí sýr 100 g,"olivy, nakládaná jablka, ovčí sýr",ovčí syr 100 g,"olivy, nakladané jablká, ovčí syr",ovčji sir 100 g,"olive, vložena jabolka, ovčji sir",овечий сир 100 г,"оливки, мариновані яблука, овечий сир",brânză de oaie 100 g,"măsline, mere murate, brânză de oaie",ovcji-sir.jpg
Jelovnik,HLADNA PREDJELA,carpaccio juneći,"riga, chery, pinjoli, grana padano, carpaccio juneći",,"18,50","18,50","3,7,8,10",DA,DA,,beef carpaccio,"riga, chery, pine nuts, grana padano, beef carpaccio",Rindercarpaccio,"Riga, Kirsche, Pinienkerne, Grana Padano, Rindercarpaccio",carpaccio di manzo,"riga, ciliegia, pinoli, grana padano, carpaccio di manzo",carpaccio de bœuf,carpaccio de bœuf,carpaccio de ternera,"riga, chery, piñones, grana padano, carpaccio de ternera",carpaccio de carne,"riga, chery, pinhões, grana padano, carpaccio de carne",carpaccio van rundvlees,"riga, chery, pijnboompitten, grana padano, rundercarpaccio",carpaccio wołowe,"ryga, cherry, orzeszki piniowe, grana padano, carpaccio wołowe",говяжье карпаччо,"рига, чери, кедровые орехи, грана падано, карпаччо из говядины",marhahús carpaccio,"riga, cseresznye, fenyőmag, grana padano, marha carpaccio",hovězí carpaccio,"riga, chery, piniové oříšky, grana padano, hovězí carpaccio",hovädzie carpaccio,"riga, chery, píniové oriešky, grana padano, hovädzie carpaccio",goveji karpačo,"riga, chery, pinjole, grana padano, goveji karpačo",карпаччо з яловичини,"рига, чері, кедрові горіхи, грана падано, карпаччо з яловичини",carpaccio de vită,"riga, cireșe, nuci de pin, grana padano, carpaccio de vită",
Jelovnik,HLADNA PREDJELA,carpaccio hobotnica,"salata od celera, chery, bijeli grah, carpaccio od hobotnice",,"18,50","18,50","9,14",DA,DA,,octopus carpaccio,"celery salad, cherry, white beans, octopus carpaccio",Oktopus-Carpaccio,"Selleriesalat, Kirschen, weiße Bohnen, Oktopus-Carpaccio",carpaccio di polpo,"insalata di sedano, ciliegie, fagioli bianchi, carpaccio di polpo",carpaccio de poulpe,carpaccio de poulpe,carpaccio de pulpo,"ensalada de apio, cereza, judías blancas, carpaccio de pulpo",carpaccio de polvo,"Salada de aipo, cereja, feijão branco, carpaccio de polvo",octopuscarpaccio,"selderijsalade, kersen, witte bonen, octopuscarpaccio",carpaccio z ośmiornicy,"sałatka z selera, wiśnia, biała fasola, carpaccio z ośmiornicy",карпаччо из осьминога,"Салат из сельдерея, вишня, белая фасоль, карпаччо из осьминога",polip carpaccio,"zellersaláta, cseresznye, fehér bab, polip carpaccio",carpaccio z chobotnice,"celerový salát, třešeň, bílé fazole, carpaccio z chobotnice",carpaccio z chobotnice,"zelerový šalát, čerešňa, biela fazuľa, carpaccio z chobotnice",karpačo iz hobotnice,"solata iz zelene, češnje, beli fižol, karpačo iz hobotnice",карпаччо з восьминога,"салат з селери, вишня, біла квасоля, карпачо з восьминога",carpaccio de caracatiță,"salată de țelină, cireșe, fasole albă, carpaccio de caracatiță",carpaccio-hobotnica.jpg
Jelovnik,HLADNA PREDJELA,riblji mix,"slani inćini, marinirani inćuni, riblji pate",,"14,50","14,50","4,7,3,10",DA,DA,,fish mix,"salted anchovies, marinated anchovies, fish pâté",Fischmischung,"gesalzene Sardellen, marinierte Sardellen, Fischpastete",mix di pesce,"acciughe salate, acciughe marinate, paté di pesce",mélange de poisson,mélange de poisson,mezcla de pescado,"anchoas saladas, anchoas marinadas, paté de pescado",mistura de peixe,"anchovas salgadas, anchovas marinadas, patê de peixe",vismix,"gezouten ansjovis, gemarineerde ansjovis, vispaté",mieszanka rybna,"solone anchois, marynowane anchois, pasztet rybny",рыбная смесь,"соленые анчоусы, маринованные анчоусы, рыбный паштет",halkeverék,"sózott szardella, pácolt szardella, halpástétom",rybí směs,"solené ančovičky, marinované ančovičky, rybí paštika",rybia zmes,"solené ančovičky, marinované ančovičky, rybia paštéta",mešanica rib,"soljene inčune, marinirane inčune, ribja pašteta",рибна суміш,"солоні анчоуси, мариновані анчоуси, рибний паштет",amestec de pește,"hamsii sărate, hamsii marinate, pate de pește",
Jelovnik,HLADNA PREDJELA,mornarska riblja juha,riblja juha,,"8,50","8,50","4,9",DA,DA,,sailor fish soup,fish soup,Seemannsfischsuppe,Fischsuppe,zuppa di pesce marinaro,zuppa di pesce,soupe de poisson marin,soupe de poisson marin,sopa de pez marinero,sopa de pescado,sopa de peixe-marinheiro,sopa de peixe,zeemansvissoep,vissoep,zupa z ryby marynarskiej,zupa rybna,рыбный суп моряка,рыбный суп,tengerész halászlé,halászlé,námořnická rybí polévka,rybí polévka,námornícka rybia polievka,rybia polievka,mornarska ribja juha,ribja juha,суп з риби моряка,рибний суп,supă de pește marinar,supă de pește,riblja-juha.jpg
Jelovnik,HLADNA PREDJELA,krem juha od rakova,juha od rakova,,"8,50","8,50","1,2,4,7,9",DA,DA,,crab cream soup,crab soup,Krabbencremesuppe,Krabbensuppe,zuppa cremosa di granchio,zuppa di granchio,soupe crémeuse au crabe,soupe crémeuse au crabe,sopa de crema de cangrejo,sopa de cangrejo,sopa cremosa de caranguejo,sopa de caranguejo,krabroomsoep,krabsoep,zupa krem ​​z kraba,zupa krabowa,крабовый крем-суп,крабовый суп,rákkrémleves,rákleves,krabí krémová polévka,krabí polévka,krabia krémová polievka,krabia polievka,kremna juha iz rakovice,juha iz rakovice,крабовий крем-суп,крабовий суп,supă cremă de crab,supă de crab,krem-juha-rakovi.jpg
Jelovnik,HLADNA PREDJELA,krem juha od rajčice s mozzarelom,"rajčica, mozzarela",,"7,00","7,00","7,9",DA,DA,,tomato cream soup with mozzarella,"tomato, mozzarella",Tomatencremesuppe mit Mozzarella,"Tomaten, Mozzarella",zuppa cremosa di pomodoro con mozzarella,"pomodoro, mozzarella",soupe crémeuse à la tomate et à la mozzarella,soupe crémeuse à la tomate et à la mozzarella,crema de tomate con mozzarella,"tomate, mozzarella",Sopa cremosa de tomate com mussarela,"tomate, mussarela",Tomatenroomsoep met mozzarella,"tomaat, mozzarella",zupa krem ​​pomidorowy z mozzarellą,"pomidor, mozzarella",Томатный сливочный суп с моцареллой,"помидоры, моцарелла",paradicsomos krémleves mozzarellával,"paradicsom, mozzarella",rajčatová krémová polévka s mozzarellou,"rajče, mozzarella",paradajková krémová polievka s mozzarellou,"paradajka, mozzarella",paradižnikova kremna juha z mocarelo,"paradižnik, mocarela",томатний крем-суп з моцарелою,"помідор, моцарела",supă cremă de roșii cu mozzarella,"roșii, mozzarella",
Jelovnik,HLADNA PREDJELA,goveđa juha sa rezancima,"goveđa juha, rezanci",,"6,50","6,50","1,3,9,",DA,DA,,beef soup with noodles,"beef soup, noodles",Rindfleischsuppe mit Nudeln,"Rindfleischsuppe, Nudeln",zuppa di manzo con tagliatelle,"zuppa di manzo, tagliatelle",soupe de bœuf aux nouilles,soupe de bœuf aux nouilles,sopa de carne con fideos,"sopa de carne, fideos",sopa de carne com macarrão,"sopa de carne, macarrão",rundvleessoep met noedels,"rundvleessoep, noedels",zupa wołowa z makaronem,zupa wołowa z makaronem,говяжий суп с лапшой,"говяжий суп, лапша",marhahúsleves tésztával,"marhahúsleves, tészta",hovězí polévka s nudlemi,"hovězí polévka, nudle",hovädzia polievka s rezancami,"hovädzia polievka, rezance",goveja juha z rezanci,"goveja juha, rezanci",яловичий суп з локшиною,"яловичий суп, локшина",supă de vită cu tăiței,"supă de vită, tăiței",
Jelovnik,TJESTENINE I RIŽOTI,ravioli punjeni jakobovom kapicom i kozicom,nježni umak od rakova i caviara,,"21,00","21,00","1,2,3,4,7,12,14,",DA,DA,,ravioli stuffed with capellini and shrimp,delicate crab and caviar sauce,Ravioli gefüllt mit Capellini und Garnelen,delikate Krabben- und Kaviarsauce,ravioli ripieni di capellini e gamberi,delicata salsa di granchio e caviale,raviolis farcis aux capellini et aux crevettes,raviolis farcis aux capellini et aux crevettes,Raviolis rellenos de capellini y camarones,delicada salsa de cangrejo y caviar,ravióli recheado com capellini e camarão,molho delicado de caranguejo e caviar,ravioli gevuld met capellini en garnalen,delicate krab- en kaviaarsaus,ravioli faszerowane kapelusikami i krewetkami,delikatny sos krabowo-kawiorowy,"равиоли, фаршированные капеллини и креветками",нежный соус из краба и икры,capellinivel és garnélával töltött ravioli,finom rák- és kaviármártás,ravioli plněné kapellini a krevetami,jemná omáčka z kraba a kaviáru,ravioli plnené kapellini a krevetami,jemná omáčka z krabov a kaviáru,"ravioli, polnjeni s kapelini in kozicami",nežna omaka iz rakovic in kaviarja,"равіолі, фаршировані капеліні та креветками",ніжний соус з краба та ікри,ravioli umpluți cu capellini și creveți,sos delicat de crab și caviar,ravioli-kapice-kozice.jpg
Jelovnik,TJESTENINE I RIŽOTI,ravioli punjeni riccottom i špinatom,umak od kadulje i pršuta,,"19,00","19,00","1,3,7,9,",DA,DA,,ravioli stuffed with ricotta and spinach,sage and prosciutto sauce,Ravioli gefüllt mit Ricotta und Spinat,Salbei- und Prosciutto-Sauce,ravioli ripieni di ricotta e spinaci,salsa di salvia e prosciutto,raviolis farcis à la ricotta et aux épinards,raviolis farcis à la ricotta et aux épinards,Raviolis rellenos de ricotta y espinacas,salsa de salvia y jamón serrano,ravióli recheado com ricota e espinafre,molho de sálvia e presunto,ravioli gevuld met ricotta en spinazie,salie- en prosciuttosaus,ravioli nadziewane ricottą i szpinakiem,sos szałwiowo-prosciutto,"Равиоли, начинённые рикоттой и шпинатом",соус из шалфея и прошутто,ricottával és spenóttal töltött ravioli,zsálya és prosciutto szósz,ravioli plněné ricottou a špenátem,šalvějová a prosciutto omáčka,ravioli plnené ricottou a špenátom,omáčka zo šalvie a prosciutta,"ravioli, polnjeni z rikoto in špinačo",omaka iz žajblja in pršuta,"равіолі, фаршировані рікотою та шпинатом",соус з шавлії та прошутто,ravioli umpluți cu ricotta și spanac,sos de salvie și prosciutto,
Jelovnik,TJESTENINE I RIŽOTI,ravioli punjeni skutom,umak od tartufate i listićima crnog tartufa,,"18,50","18,50","1,3,7,",DA,DA,,ravioli stuffed with cottage cheese,truffle sauce and black truffle flakes,Ravioli gefüllt mit Hüttenkäse,Trüffelsauce und schwarze Trüffelflocken,ravioli ripieni di ricotta,salsa al tartufo e scaglie di tartufo nero,raviolis farcis au fromage blanc,raviolis farcis au fromage blanc,raviolis rellenos de queso cottage,salsa de trufa y hojuelas de trufa negra,ravióli recheado com queijo cottage,molho de trufa e lascas de trufa negra,ravioli gevuld met kwark,truffelsaus en zwarte truffelvlokken,ravioli nadziewane serem wiejskim,sos truflowy i płatki czarnej trufli,"равиоли, начинённые творогом",трюфельный соус и хлопья черного трюфеля,túróval töltött ravioli,szarvasgombamártás és fekete szarvasgombapehely,ravioli plněné tvarohem,lanýžová omáčka a vločky černého lanýže,ravioli plnené tvarohom,hľuzovková omáčka a vločky čiernej hľuzovky,"ravioli, polnjeni s skuto",omaka s tartufi in kosmiči črnega tartufa,"равіолі, начинені сиром",трюфельний соус та пластівці чорного трюфеля,ravioli umpluți cu brânză de vaci,sos de trufe și fulgi de trufe negre,ravioli-tartufata.jpg
Jelovnik,TJESTENINE I RIŽOTI,pljukanci u umaku od tartufate i pršuta,listići crnog tartufa,,"17,50","17,50","1,3,7,",DA,DA,,pljukanci in truffle and prosciutto sauce,black truffle leaves,Pljukanci in Trüffel- und Prosciuttosauce,schwarze Trüffelblätter,pljukanci in salsa di tartufo e prosciutto,foglie di tartufo nero,pljukanci à la sauce truffe et prosciutto,pljukanci à la sauce truffe et prosciutto,Pljukanci en salsa de trufa y prosciutto,hojas de trufa negra,pljukanci em molho de trufa e presunto,folhas de trufa negra,pljukanci in truffel- en prosciuttosaus,zwarte truffelbladeren,pljukanci w sosie truflowym i prosciutto,liście czarnej trufli,плюканци в трюфельно-прошуттовском соусе,листья черного трюфеля,pljukanci szarvasgombás és prosciutto mártásban,fekete szarvasgomba levelek,pljukanci v lanýžové a prosciutto omáčce,listy černého lanýže,pljukanci v hľuzovkovej a prosciutto omáčke,listy čiernej hľuzovky,pljukanci v omaki iz tartufov in pršuta,listi črnega tartufa,плюканці в соусі з трюфелів та прошуто,листя чорного трюфеля,pljukanci în sos de trufe și prosciutto,frunze de trufe negre,
Jelovnik,TJESTENINE I RIŽOTI,linguini carbonara,"guancale, svinjski obrazi",,"14,50","14,50","1,3,7,",DA,DA,,linguini carbonara,"guancale, pork cheeks",Linguini Carbonara,"Guanciale, Schweinebäckchen",linguine alla carbonara,guance di maiale,linguine carbonara,linguine carbonara,linguini carbonara,"guancal, carrilleras de cerdo",linguini carbonara,"guancale, bochechas de porco",linguini carbonara,"guancale, varkenswangen",linguini carbonara,"guancale, policzki wieprzowe",лингвини карбонара,"гуанкале, свиные щечки",linguini carbonara,"guancale, sertéspofa",linguini carbonara,"guacale, vepřové líčka",linguini carbonara,"guacale, bravčové líčka",linguini carbonara,"guancale, svinjska ličnica",лінгвіні карбонара,"гуанакель, свинячі щоки",linguini carbonara,"guancale, obraji de porc",
Jelovnik,TJESTENINE I RIŽOTI,linguini u umaku od kozica,tikvice i cherry rajčica,,"18,50","18,50","1,2,12,",DA,DA,,linguini in shrimp sauce,zucchini and cherry tomatoes,Linguine in Garnelensauce,Zucchini und Kirschtomaten,linguine al sugo di gamberi,zucchine e pomodorini,Linguines à la sauce aux crevettes,Linguines à la sauce aux crevettes,linguini en salsa de camarones,calabacines y tomates cherry,linguine ao molho de camarão,abobrinha e tomates-cereja,linguini in garnalensaus,courgette en cherrytomaten,linguini w sosie krewetkowym,cukinia i pomidorki koktajlowe,лингвини в креветочном соусе,цуккини и помидоры черри,linguini garnélarák szószban,cukkini és koktélparadicsom,linguini v krevetové omáčce,cuketa a cherry rajčátka,linguini v krevetovej omáčke,cuketa a cherry paradajky,linguini v omaki s kozicami,bučke in češnjevi paradižniki,лінгвіні в креветковому соусі,кабачки та помідори чері,linguini în sos de creveți,dovlecei și roșii cherry,
Jelovnik,TJESTENINE I RIŽOTI,linguini u umaku od svježe tune,cherry rajčica,,"14,50","14,50","1,2,7,12",DA,DA,,linguini in fresh tuna sauce,cherry tomato,Linguine in frischer Thunfischsauce,Kirschtomate,linguine al sugo di tonno fresco,pomodorini ciliegino,Linguines à la sauce au thon frais,Linguines à la sauce au thon frais,linguini en salsa de atún fresco,tomate cherry,linguine ao molho de atum fresco,tomate cereja,linguini in verse tonijnsaus,cherrytomaat,linguini w sosie ze świeżego tuńczyka,pomidor koktajlowy,лингвини в соусе из свежего тунца,помидоры черри,linguini friss tonhalszószban,koktélparadicsom,linguini v omáčce z čerstvého tuňáka,cherry rajče,linguini v omáčke z čerstvého tuniaka,čerešňová paradajka,linguini v omaki iz sveže tune,češnjev paradižnik,лінгвіні у соусі зі свіжого тунця,помідор чері,linguini în sos de ton proaspăt,roșii cherry,
Jelovnik,TJESTENINE I RIŽOTI,pljukanci alla vongole,vongole,,"17,50","17,50","1,4,12,",DA,DA,,pljukanci alla vongole,clams,pljukanci alla vongole,Muscheln,pljukanci alla vongole,molluschi,pljukanci alla vongole,pljukanci alla vongole,pljukanci alla vongole,almejas,pljukanci alla vongole,amêijoas,pljukanci alla vongole,mosselen,pljukanci alla vongole,małże,pljukanci alla vongole,моллюски,pljukanci alla vongole,kagylók,pljukanci alla vongole,škeble,pljukanci alla vongole,mušle,pljukanci alla vongole,školjke,плюканці алла вонґоле,молюски,pliculețe de ciocolată,moluște comestibile,
Jelovnik,TJESTENINE I RIŽOTI,crni rižot od lošinjske sipe,sipa,,"18,50","18,50","14,12,4,7,",DA,DA,,black risotto with Lošinj cuttlefish,cuttlefish,Schwarzes Risotto mit Lošinj-Tintenfisch,Tintenfisch,Risotto nero con seppie di Lošinj,seppia,Risotto noir aux seiches de Lošinj,Risotto noir aux seiches de Lošinj,Risotto negro con sepia de Lošinj,calamar,Risoto negro com choco de Lošinj,choco,Zwarte risotto met inktvis uit Lošinj,inktvis,czarne risotto z mątwą lošinjską,mątwa,черное ризотто с кальмарами из Лошиня,каракатица,fekete rizottó lošinji tintahallal,tintahal,černé rizoto s lošinjskou sépií,sépie obecná,čierne rizoto s lošinjskou sépiou,sépia,črna rižota z lošinjsko sipo,sipa,чорне різотто з лошинськими каракатицями,каракатиця,risotto negru cu sepie din Lošinj,sepie,
Jelovnik,TJESTENINE I RIŽOTI,rižot s mješanim šumskim gljivama,listići crnog tartufa,,"18,50","18,50","7,12,9,",DA,DA,,risotto with mixed forest mushrooms,black truffle leaves,Risotto mit gemischten Waldpilzen,schwarze Trüffelblätter,risotto ai funghi misti di bosco,foglie di tartufo nero,risotto aux champignons forestiers variés,risotto aux champignons forestiers variés,Risotto con setas silvestres variadas,hojas de trufa negra,Risoto com cogumelos silvestres variados,folhas de trufa negra,risotto met gemengde boschampignons,zwarte truffelbladeren,risotto z mieszanymi grzybami leśnymi,liście czarnej trufli,Ризотто с миксом лесных грибов,листья черного трюфеля,rizottó vegyes erdei gombákkal,fekete szarvasgomba levelek,rizoto se směsí lesních hub,listy černého lanýže,rizoto so zmiešanými lesnými hubami,listy čiernej hľuzovky,rižota z mešanimi gozdnimi gobami,listi črnega tartufa,різотто з мішаними лісовими грибами,листя чорного трюфеля,risotto cu ciuperci de pădure mixte,frunze de trufe negre,
Jelovnik,TJESTENINE I RIŽOTI,rižot s komadićima bifteka,karamelizirani ljubičasti luk,,"18,50","18,50","7,12,9,",DA,DA,,risotto with steak pieces,caramelized purple onion,Risotto mit Steakstücken,karamellisierte rote Zwiebel,risotto con pezzi di bistecca,cipolla rossa caramellata,risotto aux morceaux de steak,risotto aux morceaux de steak,Risotto con trozos de carne,cebolla morada caramelizada,Risoto com pedaços de bife,cebola roxa caramelizada,risotto met stukjes biefstuk,gekarameliseerde paarse ui,risotto z kawałkami steku,karmelizowana fioletowa cebula,ризотто с кусочками стейка,карамелизованный фиолетовый лук,rizottó steak darabokkal,karamellizált lilahagyma,rizoto s kousky steaku,karamelizovaná fialová cibule,rizoto s kúskami steaku,karamelizovaná fialová cibuľa,rižota s koščki zrezka,karamelizirana vijolična čebula,різотто зі шматочками стейку,карамелізована фіолетова цибуля,risotto cu bucăți de friptură,ceapă mov caramelizată,
Jelovnik,SALATE,salata s piletinom,"lisnata salata, radić, rajčica, krutoni, rukola, slanina, piletina, umak cezar",,"13,50","13,50","1,3,7,10",DA,DA,,chicken salad,"lettuce, radicchio, tomato, croutons, arugula, bacon, chicken, Caesar sauce",Hühnersalat,"Kopfsalat, Radicchio, Tomaten, Croutons, Rucola, Speck, Hähnchen, Caesar-Sauce",insalata di pollo,"lattuga, radicchio, pomodoro, crostini, rucola, pancetta, pollo, salsa Caesar",salade de poulet,salade de poulet,ensalada de pollo,"lechuga, radicchio, tomate, picatostes, rúcula, beicon, pollo, salsa César",Salpicão,"alface, radicchio, tomate, croutons, rúcula, bacon, frango, molho Caesar",kipsalade,"sla, radicchio, tomaat, croutons, rucola, spek, kip, Caesarsaus",sałatka z kurczakiem,"sałata, radicchio, pomidor, grzanki, rukola, boczek, kurczak, sos Cezar",куриный салат,"салат-латук, радиккьо, помидоры, гренки, руккола, бекон, курица, соус Цезарь",csirkesaláta,"saláta, radicchio, paradicsom, kruton, rukkola, bacon, csirke, Cézár szósz",kuřecí salát,"hlávkový salát, čekanka, rajče, krutony, rukola, slanina, kuřecí maso, Caesar omáčka",kurací šalát,"šalát, čakanka, paradajka, krutóny, rukola, slanina, kuracie mäso, Caesar omáčka",piščančja solata,"solata, radič, paradižnik, krutoni, rukola, slanina, piščanec, Cezarjeva omaka",курячий салат,"салат, радіккіо, помідор, крутони, рукола, бекон, курка, соус Цезар",salată de pui,"salată verde, radicchio, roșii, crutoane, rucola, bacon, pui, sos Caesar",
Jelovnik,SALATE,salata s svježom tunom,"lisnata salata, radić, rajčica, masline, tuna, ukiseljeni luk, maslinovo ulje, riga",,"13,50","13,50","4,12",DA,DA,,fresh tuna salad,"lettuce, radicchio, tomato, olives, tuna, pickled onions, olive oil, rigatoni",frischer Thunfischsalat,"Kopfsalat, Radicchio, Tomaten, Oliven, Thunfisch, eingelegte Zwiebeln, Olivenöl, Rigatoni",insalata di tonno fresco,"lattuga, radicchio, pomodoro, olive, tonno, cipolle sottaceto, olio d'oliva, rigatoni",salade de thon frais,salade de thon frais,ensalada de atún fresco,"lechuga, radicchio, tomate, aceitunas, atún, cebollas encurtidas, aceite de oliva, rigatoni",salada de atum fresco,"alface, radicchio, tomate, azeitonas, atum, cebolas em conserva, azeite, rigatoni",verse tonijnsalade,"sla, radicchio, tomaat, olijven, tonijn, ingelegde uien, olijfolie, rigatoni",świeża sałatka z tuńczyka,"sałata, radicchio, pomidor, oliwki, tuńczyk, marynowana cebula, oliwa z oliwek, rigatoni",салат из свежего тунца,"салат-латук, радиккьо, помидоры, оливки, тунец, маринованный лук, оливковое масло, ригатони",friss tonhalsaláta,"saláta, radicchio, paradicsom, olajbogyó, tonhal, ecetes hagyma, olívaolaj, rigatoni",salát z čerstvého tuňáka,"hlávkový salát, čekanka, rajče, olivy, tuňák, nakládaná cibule, olivový olej, rigatoni",šalát z čerstvého tuniaka,"šalát, čakanka, paradajka, olivy, tuniak, nakladaná cibuľa, olivový olej, rigatoni",solata s svežo tuno,"solata, radič, paradižnik, olive, tuna, vložena čebula, olivno olje, rigatoni",салат зі свіжого тунця,"салат, радіккіо, помідор, оливки, тунець, маринована цибуля, оливкова олія, рігатоні",salată de ton proaspăt,"salată verde, radicchio, roșii, măsline, ton, ceapă murată, ulei de măsline, rigatoni",
Jelovnik,SALATE,salata Deveron,"lisnata salata, paprika, rajčica, kapari, masline, avokado, kozice, avokado umak",,"14,50","14,50","2,12",DA,DA,,Deveron salad,"lettuce, peppers, tomatoes, capers, olives, avocado, shrimp, avocado sauce",Deveron-Salat,"Kopfsalat, Paprika, Tomaten, Kapern, Oliven, Avocado, Garnelen, Avocadosauce",Insalata Deveron,"lattuga, peperoni, pomodori, capperi, olive, avocado, gamberetti, salsa di avocado",Salade Deveron,Salade Deveron,ensalada Deveron,"lechuga, pimientos, tomates, alcaparras, aceitunas, aguacate, camarones, salsa de aguacate",Salada Deveron,"alface, pimentões, tomates, alcaparras, azeitonas, abacate, camarão, molho de abacate",Deveron salade,"sla, paprika, tomaten, kappertjes, olijven, avocado, garnalen, avocadosaus",Sałatka Deveron,"sałata, papryka, pomidory, kapary, oliwki, awokado, krewetki, sos awokado",Салат Деверон,"салат-латук, перец, помидоры, каперсы, оливки, авокадо, креветки, соус из авокадо",Deveron saláta,"saláta, paprika, paradicsom, kapribogyó, olajbogyó, avokádó, garnélarák, avokádószósz",Deveronský salát,"hlávkový salát, papriky, rajčata, kapary, olivy, avokádo, krevety, avokádová omáčka",Deverónový šalát,"šalát, paprika, paradajky, kapary, olivy, avokádo, krevety, avokádová omáčka",Deveronova solata,"solata, paprika, paradižnik, kapre, olive, avokado, kozice, avokadova omaka",Салат Деверон,"салат, перець, помідори, каперси, оливки, авокадо, креветки, соус з авокадо",Salată Deveron,"salată verde, ardei, roșii, capere, măsline, avocado, creveți, sos de avocado",
Jelovnik,SALATE,salata Capresse,"rajčica, mozzarella, bosiljak",,"13,00","13,00","7,12",DA,DA,,Capresse salad,"tomato, mozzarella, basil",Caprese-Salat,"Tomaten, Mozzarella, Basilikum",Insalata caprese,"pomodoro, mozzarella, basilico",salade caprese,salade caprese,ensalada Caprese,"tomate, mozzarella, albahaca",Salada Caprese,"tomate, mussarela, manjericão",Capresse salade,"tomaat, mozzarella, basilicum",Sałatka Capresse,"pomidor, mozzarella, bazylia",Салат Капресс,"помидоры, моцарелла, базилик",Capresse saláta,"paradicsom, mozzarella, bazsalikom",Salát Capresse,"rajče, mozzarella, bazalka",Capresse šalát,"paradajka, mozzarella, bazalka",Solata Capresse,"paradižnik, mocarela, bazilika",Салат Капрес,"помідор, моцарела, базилік",Salată Caprese,"roșii, mozzarella, busuioc",
Jelovnik,SALATE,ljetna salata,"lisnate salate, rotkvice, voće, agrumi, orašasti plodovi, rajčica, mozzarella",,"14,00","14,00","7,8",DA,DA,,summer salad,"leafy salads, radishes, fruit, citrus fruits, nuts, tomatoes, mozzarella",Sommersalat,"Blattsalate, Radieschen, Obst, Zitrusfrüchte, Nüsse, Tomaten, Mozzarella",insalata estiva,"insalate a foglia verde, ravanelli, frutta, agrumi, noci, pomodori, mozzarella",salade d'été,salade d'été,ensalada de verano,"ensaladas de hojas verdes, rábanos, fruta, cítricos, frutos secos, tomates, mozzarella",salada de verão,"saladas de folhas, rabanetes, frutas, frutas cítricas, nozes, tomates, mussarela",zomersalade,"bladgroenten, radijsjes, fruit, citrusvruchten, noten, tomaten, mozzarella",sałatka letnia,"sałatki liściaste, rzodkiewki, owoce, owoce cytrusowe, orzechy, pomidory, mozzarella",летний салат,"листовые салаты, редис, фрукты, цитрусовые, орехи, помидоры, моцарелла",nyári saláta,"leveles saláták, retek, gyümölcsök, citrusfélék, diófélék, paradicsom, mozzarella",letní salát,"listové saláty, ředkvičky, ovoce, citrusové plody, ořechy, rajčata, mozzarella",letný šalát,"listové šaláty, reďkovky, ovocie, citrusové plody, orechy, paradajky, mozzarella",poletna solata,"listnate solate, redkvice, sadje, agrumi, oreščki, paradižnik, mocarela",літній салат,"листові салати, редис, фрукти, цитрусові, горіхи, помідори, моцарела",salată de vară,"salate cu frunze, ridichi, fructe, citrice, nuci, roșii, mozzarella",
Jelovnik,SALATE,sezonska salata,"lisnata salata, kupus, rajčica, radić",,"7,00","7,00",,DA,DA,,seasonal salad,"lettuce, cabbage, tomato, radicchio",saisonaler Salat,"Salat, Kohl, Tomate, Radicchio",insalata di stagione,"lattuga, cavolo, pomodoro, radicchio",salade de saison,salade de saison,ensalada de temporada,"lechuga, repollo, tomate, achicoria",salada da estação,"alface, repolho, tomate, radicchio",seizoenssalade,"sla, kool, tomaat, radicchio",sałatka sezonowa,"sałata, kapusta, pomidor, radicchio",сезонный салат,"салат, капуста, помидоры, радиккио",szezonális saláta,"saláta, káposzta, paradicsom, radicchio",sezónní salát,"salát, zelí, rajčata, čekanky",sezónny šalát,"hlávkový šalát, kapusta, paradajka, radicchio",sezonska solata,"solata, zelje, paradižnik, radič",сезонний салат,"листя салату, капуста, помідори, радиккіо",salată de sezon,"salata verde, varza, rosii, radicchio",
Jelovnik,MESNA JELA,biftek na žaru,aromatizirani krumpir i sotirano povrće (250 g),,"35,50","35,50","7,12,10",DA,DA,,grilled steak,flavored potatoes and sautéed vegetables (250 g),gegrilltes Steak,gewürzte Kartoffeln und sautiertes Gemüse (250 g),bistecca al forno,patate aromatizzate e verdure saltate (250 g),steak grillé,steak grillé,bistec a la parrilla,Papas aromatizadas y verduras salteadas (250 g),bife grelhado,Batatas temperadas e legumes salteados (250 g),gegrilde biefstuk,Aardappelen met smaak en gebakken groenten (250 g),grillowany stek,ziemniaki smakowe i smażone warzywa (250 g),стейк на гриле,Картофель с различными вкусовыми добавками и обжаренные овощи (250 г),grillezett steak,ízesített burgonya és párolt zöldségek (250 g),grilovaný steak,ochucené brambory a restovaná zelenina (250 g),grilovaný steak,ochutené zemiaky a restovaná zelenina (250 g),zrezek na žaru,aromatiziran krompir in dušena zelenjava (250 g),стейк на грилі,картопля зі смаком спецій та смажені овочі (250 г),friptură la grătar,cartofi aromatizați și legume sotate (250 g),
Jelovnik,MESNA JELA,ramsteak na žaru,aromatizirani krumpir i sotirano povrće (250 g),,"26,00","26,00","7,12,10",DA,DA,,grilled rump steak,flavored potatoes and sautéed vegetables (250 g),gegrilltes Rumpsteak,gewürzte Kartoffeln und sautiertes Gemüse (250 g),bistecca di scamone alla griglia,patate aromatizzate e verdure saltate (250 g),steak de rumsteck grillé,steak de rumsteck grillé,filete de cadera a la parrilla,Papas aromatizadas y verduras salteadas (250 g),bife de alcatra grelhado,Batatas temperadas e legumes salteados (250 g),gegrilde rumpsteak,Aardappelen met smaak en gebakken groenten (250 g),grillowany stek z polędwicy,ziemniaki smakowe i smażone warzywa (250 g),стейк из говяжьей вырезки на гриле,Картофель с различными вкусовыми добавками и обжаренные овощи (250 г),grillezett hátszín steak,ízesített burgonya és párolt zöldségek (250 g),grilovaný steak z kýty,ochucené brambory a restovaná zelenina (250 g),grilovaný steak z hovädzej kosti,ochutené zemiaky a restovaná zelenina (250 g),pečen zrezek,aromatiziran krompir in dušena zelenjava (250 g),смажений стейк з огузка,картопля зі смаком спецій та смажені овочі (250 г),friptură de vită la grătar,cartofi aromatizați și legume sotate (250 g),
Jelovnik,MESNA JELA,rib-eye steak,aromatizirani krumpir i sotirano povrće (300 g),,"33,00","33,00","7,12",DA,DA,,rib-eye steak,flavored potatoes and sautéed vegetables (300 g),Rib-Eye-Steak,gewürzte Kartoffeln und sautiertes Gemüse (300 g),bistecca di controfiletto,patate aromatizzate e verdure saltate (300 g),steak de faux-filet,steak de faux-filet,filete de chuletón,Papas aromatizadas y verduras salteadas (300 g),bife de costela,Batatas temperadas e legumes salteados (300 g),rib-eye steak,Aardappelen met smaak en gebakken groenten (300 g),stek z antrykotu,ziemniaki smakowe i smażone warzywa (300 g),стейк рибай,Картофель с различными вкусовыми добавками и обжаренные овощи (300 г),ribeye steak,ízesített burgonya és párolt zöldségek (300 g),steak z hovězího žebra,ochucené brambory a restovaná zelenina (300 g),steak z rebra,ochutené zemiaky a restovaná zelenina (300 g),rib-eye zrezek,aromatiziran krompir in dušena zelenjava (300 g),стейк рібай,картопля зі смаком спецій та смажені овочі (300 г),friptură de antricot,cartofi aromatizați și legume sotate (300 g),
Jelovnik,MESNA JELA,tagliata od rumsteaka,"rukola, listići grana padano, aceto balsamico",,"26,00","26,00","3,7,12",DA,DA,,tagliata of rump steak,"arugula, leaves of grana padano, aceto balsamico",Tagliata vom Rumpsteak,"Rucola, Blätter von Grana Padano, Aceto Balsamico",tagliata di scamone,"rucola, foglie di grana padano, aceto balsamico",tagliata de rumsteck,tagliata de rumsteck,tagliata de filete de cadera,"rúcula, hojas de grana padano, aceto balsámico",tagliata de bife de alcatra,"rúcula, folhas de grana padano, aceto balsâmico",tagliata van rumpsteak,"rucola, blaadjes grana padano, aceto balsamico",tagliata z rostbefu,"rukola, liście grana padano, aceto balsamico",тальята из говяжьей вырезки,"руккола, листья грана падано, ацето бальзамико",marhaszelet tagliata,"rukkola, grana padano levelei, aceto balsamico",tagliata z hovězího steaku,"rukola, listy grana padano, aceto balsamico",tagliata z rump steaku,"rukola, listy grana padano, aceto balsamico",tagliata iz ramstek,"rukola, listi grane padano, aceto balsamico",тальята з стейку з горошком,"рукола, листя грана падано, ацето бальзаміко",tagliata de friptură de vită,"rucola, frunze de grana padano, aceto balsamico",
Jelovnik,MESNA JELA,dalmatinska pržolica,"blitva na dalmatiniski, umak od češnjaka",,"26,00","26,00",7,DA,DA,,dalmatian roast,"Dalmatian-style Swiss chard, garlic sauce",Dalmatinerbraten,"Mangold nach dalmatinischer Art, Knoblauchsauce",arrosto dalmata,Bietole alla dalmata con salsa all'aglio,rôti de dalmatien,rôti de dalmatien,asado dálmata,Acelgas al estilo dálmata con salsa de ajo,assado dálmata,"Acelga ao estilo da Dalmácia, molho de alho",Dalmatische gebraden kip,"Snijbiet op Dalmatische wijze, knoflooksaus",pieczeń dalmatyńska,"Boćwina po dalmatyńsku, sos czosnkowy",далматинское жаркое,Швейцарский мангольд по-далматински с чесночным соусом,dalmát sült,"Dalmát stílusú mángold, fokhagymás mártás",dalmatská pečeně,"Mangold po dalmatsku, česneková omáčka",dalmatínska pečenka,"Mangold v dalmatínskom štýle, cesnaková omáčka",dalmatinska pečenka,"Blitva po dalmatinsko, česnova omaka",далматинська печеня,"Мангольд по-далматинськи, часниковий соус",friptură dalmată,"Mangold elvețian în stil dalmațian, sos de usturoi",
Jelovnik,MESNA JELA,svinjska pisanica - ombolo,"umak od kadulje i pršuta, aromatizirana riža",,"19,50","19,50","7,12",DA,DA,,pork rump - ombolo,"sage and prosciutto sauce, flavored rice",Schweinerücken - Ombolo,"Salbei- und Prosciuttosauce, aromatisierter Reis",cosciotto di maiale - ombolo,"Salsa di salvia e prosciutto, riso aromatizzato",croupe de porc - ombolo,croupe de porc - ombolo,ómbolo de lomo de cerdo,"Salsa de salvia y prosciutto, arroz aromatizado",alcatra de porco - ombolo,"Molho de sálvia e presunto, arroz aromatizado",varkensrump - ombolo,"Salie- en prosciuttosaus, gearomatiseerde rijst",polędwica wieprzowa - ombolo,"sos szałwiowo-prosciutto, ryż aromatyzowany",свиная вырезка - омболо,"Соус из шалфея и прошутто, ароматный рис",sertésfarhát - ombolo,"zsálya és prosciutto szósz, ízesített rizs",vepřová kýta - ombolo,"šalvějová a prosciutto omáčka, ochucená rýže",bravčová kýta - ombolo,"šalviová a prosciutto omáčka, ochutená ryža",svinjska rupa - ombolo,"omaka iz žajblja in pršuta, riž z okusom",свинячий огузок - омболо,"соус з шавлії та прошуто, ароматизований рис",rumbă de porc - ombolo,"sos de salvie și prosciutto, orez aromat",ombolo.jpg
Jelovnik,MESNA JELA,pileća prsa na žaru,"aromatizirana riža, umak od zelenog papra",,"17,00","17,00","7,12",DA,DA,,grilled chicken breast,"flavored rice, green pepper sauce",gegrillte Hähnchenbrust,"gewürzter Reis, grüne Paprikasauce",petto di pollo alla griglia,"riso aromatizzato, salsa di peperoni verdi",poitrine de poulet grillée,poitrine de poulet grillée,pechuga de pollo a la parrilla,"arroz aromatizado, salsa de pimiento verde",peito de frango grelhado,Arroz temperado com molho de pimentão verde,gegrilde kipfilet,"gearomatiseerde rijst, groene pepersaus",grillowana pierś z kurczaka,"ryż smakowy, sos z zielonego pieprzu",жареная куриная грудка,"ароматный рис, соус из зеленого перца",grillezett csirkemell,"ízesített rizs, zöldpaprika-mártás",grilovaná kuřecí prsa,"ochucená rýže, omáčka ze zelených paprik",grilované kuracie prsia,"ochutená ryža, omáčka zo zelenej papriky",piščančje prsi na žaru,"aromatiziran riž, omaka iz zelene paprike",куряча грудка-гриль,"ароматизований рис, соус із зеленого перцю",piept de pui la grătar,"orez aromat, sos de ardei verde",
Jelovnik,MESNA JELA,ražnjić Deveron,"svinjetina, govedina, piletina, aromatizirani krumpir i sotirano povrće",,"27,00","27,00",7,DA,DA,,Deveron skewer,"pork, beef, chicken, flavored potatoes and sautéed vegetables",Deveron-Spieß,"Schweinefleisch, Rindfleisch, Hähnchen, gewürzte Kartoffeln und sautiertes Gemüse",Spiedino di Deveron,"maiale, manzo, pollo, patate aromatizzate e verdure saltate",Brochette de Deveron,Brochette de Deveron,Brocheta Deveron,"Cerdo, ternera, pollo, patatas con especias y verduras salteadas.",Espeto Deveron,"Carne de porco, carne bovina, frango, batatas temperadas e legumes salteados.",Deveron spies,"varkensvlees, rundvlees, kip, aardappelen met smaakjes en gebakken groenten",Szpikulec Deveron,"wieprzowina, wołowina, kurczak, ziemniaki smakowe i smażone warzywa",Шампур Деверона,"свинина, говядина, курица, картофель с различными вкусовыми добавками и обжаренные овощи",Deveron nyárs,"sertéshús, marhahús, csirkehús, ízesített burgonya és párolt zöldségek",Deveronský špíz,"vepřové, hovězí, kuřecí maso, ochucené brambory a restovaná zelenina",Deveronov špíz,"bravčové mäso, hovädzie mäso, kuracie mäso, ochutené zemiaky a restovaná zelenina",Deveronov nabodalo,"svinjina, govedina, piščanec, aromatiziran krompir in dušena zelenjava",Шашлик з Деверона,"свинина, яловичина, курка, картопля зі смаком спецій та смажені овочі",Frigărui Deveron,"carne de porc, vită, pui, cartofi aromatizați și legume sotate",raznjic-deveron.jpg
Jelovnik,MESNA JELA,punjeni otkošteni batak zabatak,aromatizirani krumpir i sotirano povrće,,"26,00","26,00",7,DA,DA,,stuffed boneless drumstick back of the leg,flavored potatoes and sautéed vegetables,"Gefülltes, entbeintes Hähnchenschenkelstück (Rückseite des Beins)",gewürzte Kartoffeln und sautiertes Gemüse,"coscia di pollo disossata ripiena, parte posteriore della gamba",patate aromatizzate e verdure saltate,pilon de cuisse farci et désossé,pilon de cuisse farci et désossé,"muslo de pollo deshuesado relleno, parte posterior de la pierna",patatas aromatizadas y verduras salteadas,coxa de frango desossada recheada (parte traseira da perna),batatas temperadas e legumes salteados,"gevulde, ontbeende drumstick, achterkant van het been",aardappelen met smaak en gebakken groenten,faszerowana bezkostna pałka z tyłu nogi,ziemniaki smakowe i smażone warzywa,"фаршированная бескостная голень, задняя часть ноги",картофель с различными вкусами и обжаренные овощи,"töltött, csont nélküli alsócomb, a lábszár hátulja",ízesített burgonya és párolt zöldségek,plněná vykostěná zadní část stehna,ochucené brambory a restovaná zelenina,plnená vykostená zadná časť stehna,ochutené zemiaky a restovaná zelenina,polnjena zadnja stran krače brez kosti,aromatiziran krompir in dušena zelenjava,фарширована задня частина стегна без кісток,ароматизована картопля та смажені овочі,pulpă dezosată umplută din spatele pulpei,cartofi aromatizați și legume sotate,
Jelovnik,RIBLJA JELA,dagnje na buzaru,dagnje,,"15,00","15,00","1,2,14",DA,DA,,mussels on buzaru,mussels,Muscheln auf Buzaru,Miesmuscheln,cozze su buzaru,cozze,moules sur buzaru,moules sur buzaru,mejillones en buzaru,mejillones,mexilhões em buzaru,mexilhões,mosselen op buzaru,mosselen,małże na buzaru,małże,мидии на бузару,моллюски,kagylók a buzaru-n,kagylók,slávky na buzaru,slávky,mušle na buzaru,mušle,klapavice na buzaruju,školjke,мідії на бузару,мідії,midii pe buzaru,midii,
Jelovnik,RIBLJA JELA,škampi na žaru,škampi,,"33,00","33,00",2,DA,DA,,grilled scampi,shrimp,gegrillte Scampi,Garnele,scampi alla griglia,gamberetto,langoustines grillées,langoustines grillées,langostinos a la parrilla,camarón,camarão grelhado,camarão,gegrilde scampi,garnaal,grillowane krewetki,krewetka,креветки на гриле,креветка,grillezett scampi,garnélarák,grilované krevety,krevety,grilované krevety,krevety,žaru pečene kozice,kozice,смажені креветки скампі,креветки,creveți la grătar,crevetă,
Jelovnik,RIBLJA JELA,škampi na buzaru,škampi,,"33,00","33,00","1,2,12",DA,DA,,buzara scampi,shrimp,Buzara Scampi,Garnele,buzara scampi,gamberetto,langoustines buzara,langoustines buzara,buzara scampi,camarón,buzara scampi,camarão,buzara scampi,garnaal,krewetki buzara,krewetka,бузара скампи,креветка,buzara scampi,garnélarák,krevety na buzaru,krevety,krevety na buzare,krevety,buzara škampi,kozice,креветки бузара,креветки,creveți de buzara,crevetă,
Jelovnik,RIBLJA JELA,lignje frigane,pomfrit,,"24,00","24,00","1,14",DA,DA,,fried squid,French fries,frittierte Tintenfische,Pommes frites,calamari fritti,patate fritte,calamars frits,calamars frits,calamares fritos,papas fritas,lula frita,batatas fritas,gefrituurde inktvis,Franse frietjes,smażone kalmary,frytki,жареные кальмары,картофель фри,sült tintahal,hasábburgonya,smažené chobotnice,hranolky,vyprážané kalmáre,Hranolky,ocvrti lignji,Pomfrit,смажені кальмари,Картопля фрі,calamar prăjit,Cartofi pai,
Jelovnik,RIBLJA JELA,lignje na žaru,blitva,,"24,00","24,00",14,DA,DA,,grilled squid,Swiss chard,gegrillter Tintenfisch,Mangold,calamari alla griglia,bietola,calamars grillés,calamars grillés,calamares a la parrilla,acelga suiza,lula grelhada,acelga,gegrilde inktvis,Snijbiet,grillowane kalmary,boćwina,жареный кальмар,мангольд,grillezett tintahal,mángold,grilované chobotnice,mangold,grilované kalmáre,mangold,lignji na žaru,blitva,смажені кальмари,Мангольд,calamar la grătar,mangold elvețian,
Jelovnik,RIBLJA JELA,tuna steak,blitva,,"24,00","24,00",4,DA,DA,,tuna steak,Swiss chard,Thunfischsteak,Mangold,bistecca di tonno,bietola,steak de thon,steak de thon,filete de atún,acelga suiza,bife de atum,acelga,tonijnsteak,Snijbiet,stek z tuńczyka,boćwina,стейк из тунца,мангольд,tonhal steak,mángold,steak z tuňáka,mangold,steak z tuniaka,mangold,tunin zrezek,blitva,стейк з тунця,Мангольд,friptură de ton,mangold elvețian,
Jelovnik,RIBLJA JELA,orada na žaru,blitva,,"24,00","24,00",4,DA,DA,,grilled sea bream,Swiss chard,gegrillte Dorade,Mangold,orata alla griglia,bietola,dorade grillée,dorade grillée,dorada a la parrilla,acelga suiza,dourada grelhada,acelga,gegrilde zeebrasem,Snijbiet,grillowana dorada,boćwina,жареный морской лещ,мангольд,grillezett tengeri sügér,mángold,grilovaná mořská pražma,mangold,grilovaná morská pražma,mangold,pečena orada,blitva,смажений морський лящ,Мангольд,dorada la grătar,mangold elvețian,
Jelovnik,RIBLJA JELA,brancin na žaru,blitva,,"24,00","24,00",4,DA,DA,,grilled sea bass,Swiss chard,gegrillter Wolfsbarsch,Mangold,branzino alla griglia,bietola,bar grillé,bar grillé,lubina a la parrilla,acelga suiza,robalo grelhado,acelga,gegrilde zeebaars,Snijbiet,grillowany okoń morski,boćwina,жареный морской окунь,мангольд,grillezett tengeri sügér,mángold,grilovaný mořský vlk,mangold,grilovaný morský vlk,mangold,brancin na žaru,blitva,смажений морський окунь,Мангольд,biban de mare la grătar,mangold elvețian,
Jelovnik,RIBLJA JELA,riblja plata za 2 osobe,"orada, brancin, lignje, škamp, kozice, tuna, dagnje, blitva",,"64,00","64,00","4,2,14",DA,DA,,fish platter for 2 people,"Sea bream, sea bass, squid, shrimp, prawns, tuna, mussels, Swiss chard",Fischplatte für 2 Personen,"Dorade, Wolfsbarsch, Tintenfisch, Garnelen, Krabben, Thunfisch, Muscheln, Mangold",Piatto di pesce per 2 persone,"Orata, branzino, calamari, gamberetti, gamberi, tonno, cozze, bietola",plateau de poisson pour 2 personnes,plateau de poisson pour 2 personnes,Plato de pescado para 2 personas,"Dorada, lubina, calamar, gambas, langostinos, atún, mejillones, acelga",Prato de peixe para 2 pessoas,"Dourada, robalo, lula, camarão, atum, mexilhões, acelga",Visschotel voor 2 personen,"Zeebrasem, zeebaars, inktvis, garnalen, reuzengarnalen, tonijn, mosselen, snijbiet",talerz ryb dla 2 osób,"Dorada, okoń morski, kalmary, krewetki, krewetki czerwone, tuńczyk, małże, boćwina",рыбное блюдо на 2 персоны,"морской лещ, морской окунь, кальмар, креветки, креветки, тунец, мидии, мангольд",haltál 2 főre,"Tengeri sügér, tengeri sügér, tintahal, garnélarák, rák, tonhal, kagyló, mángold",rybí talíř pro 2 osoby,"Mořský okoun, mořský vlk, oliheň, krevety, krevety, tuňák, slávky, mangold",rybí tanier pre 2 osoby,"Pražma, morský vlk, chobotnica, krevety, tuniak, mušle, mangold",ribji krožnik za 2 osebi,"Orada, brancin, lignji, kozice, kozice, tuna, klapavice, blitva",рибна тарілка для 2 осіб,"Морський лящ, морський окунь, кальмари, креветки, тунець, мідії, мангольд",platou cu pește pentru 2 persoane,"Doradă, biban de mare, calamar, creveți, ton, midii, mangold",
Jelovnik,RIBLJA JELA,mješana buzara za dvije osobe,"dagnje, škampi, kozice, vongole, kapesante, pljukanci",,"64,00","64,00","14,2,1,12",DA,DA,,mixed buzara for 2 people,"mussels, shrimp, prawns, clams, scallops, clams",gemischte Buzara für 2 Personen,"Muscheln, Garnelen, Krabben, Venusmuscheln, Jakobsmuscheln, Venusmuscheln",Buzar mista per 2 persone,"cozze, gamberetti, gamberi, vongole, capesante, vongole",buzara mixte pour 2 personnes,buzara mixte pour 2 personnes,Buzara mixta para 2 personas,"mejillones, camarones, langostinos, almejas, vieiras, almejas",Buzara mista para 2 pessoas,"mexilhões, camarões, gambas, amêijoas, vieiras, amêijoas",Gemengde buzara voor 2 personen,"mosselen, garnalen, venusschelpen, sint-jakobsschelpen, venusschelpen",buzara mieszana dla 2 osób,"małże, krewetki, przegrzebki, małże",смешанная бузара на 2 персоны,"мидии, креветки, ракообразные, моллюски, гребешки, моллюски",vegyes buzara 2 főre,"kagyló, garnélarák, rák, tengeri herkentyű, fésűkagyló, kagylófélék",míchaná buzara pro 2 osoby,"slávky, krevety, krevety, škeble, hřebenatky, škeble",mixovaná buzara pre 2 osoby,"mušle, krevety, krevety, mušle, lastúry, mušle",mešana buzara za 2 osebi,"klapavice, kozice, kozice, školjke, pokrovače, školjke",мікс бузара для 2 осіб,"мідії, креветки, креветки, молюски, гребінці, молюски",buzară mixtă pentru 2 persoane,"midii, creveți, creveți, scoici, scoici Saint-Jacques, scoici",buzara.jpg
Jelovnik,RIBLJA JELA,dnevno sviježa oborita riba,1000g,,"81,00","81,00",4,DA,DA,,daily fresh fish cutlet,1000g,täglich frisches Fischkotelett,1000 g,cotoletta di pesce fresco del giorno,1000 g,côtelettes de poisson frais du jour,côtelettes de poisson frais du jour,Chuleta de pescado fresco del día,1000 g,costeleta de peixe fresco diária,1000g,dagelijks verse viskotelet,1000 g,codziennie świeży kotlet rybny,1000g,Ежедневно свежая рыбная котлета,1000 г,napi friss halszelet,1000 g,denně čerstvé rybí řízky,1000 g,denne čerstvé rybie rezeň,1000 g,dnevno svež ribji zrezek,1000 g,щоденна свіжа рибна котлета,1000 г,șnițel de pește proaspăt zilnic,1000g,
Jelovnik,PIZZA,mediteranska pogača focaccia,"maslinovo ulje, začini, krupna sol",,"5,00","5,00",1,DA,DA,,focaccia,"olive oil, spices, coarse salt",Focaccia,"Olivenöl, Gewürze, grobes Salz",focaccia,"olio d'oliva, spezie, sale grosso",focaccia,focaccia,focaccia,"aceite de oliva, especias, sal gruesa",focaccia,"azeite, especiarias, sal grosso",focaccia,"olijfolie, specerijen, grof zout",focaccia,"oliwa z oliwek, przyprawy, gruba sól",фокачча,"оливковое масло, специи, крупная соль",focaccia,"olívaolaj, fűszerek, durva só",focaccia,"olivový olej, koření, hrubozrnná sůl",focaccia,"olivový olej, koreniny, hrubozrnná soľ",fokača,"olivno olje, začimbe, groba sol",фокачча,"оливкова олія, спеції, крупна сіль",focaccia,"ulei de măsline, condimente, sare grunjoasă",
Jelovnik,PIZZA,margarita,"rajčica, sir, maslina",,"10,50","10,50","1,7",DA,DA,,margarita,"tomato, cheese, olive",Margarita,"Tomaten, Käse, Oliven",margarita,"pomodoro, formaggio, oliva",margarita,margarita,margarita,"tomate, queso, aceituna",margarita,"tomate, queijo, azeitona",margarita,"tomaat, kaas, olijf",margarita,"pomidor, ser, oliwki",маргарита,"помидор, сыр, оливки",margarita,"paradicsom, sajt, olajbogyó",margarita,"rajče, sýr, oliva",margarita,"paradajka, syr, oliva",margarita,"paradižnik, sir, oliva",маргарита,"помідор, сир, оливки",margarita,"roșii, brânză, măsline",
Jelovnik,PIZZA,funghi,"rajčica, sir, gljive, maslina",,"12,00","12,00","1,7",DA,DA,,funghi,"tomato, cheese, mushrooms, olives",funghi,"Tomaten, Käse, Champignons, Oliven",funghi,"pomodoro, formaggio, funghi, olive",funghi,champignons,funghi,"tomate, queso, champiñones, aceitunas",funghi,"tomate, queijo, cogumelos, azeitonas",funghi,"tomaat, kaas, champignons, olijven",funghi,"pomidor, ser, pieczarki, oliwki",грибы,"помидоры, сыр, грибы, оливки",funghi,"paradicsom, sajt, gomba, olajbogyó",funghi,"rajče, sýr, žampiony, olivy",funghi,"paradajka, syr, šampiňóny, olivy",funghi,"paradižnik, sir, gobe, olive",гриби,"помідори, сир, гриби, оливки",funghi,"roșii, brânză, ciuperci, măsline",
Jelovnik,PIZZA,vesuvio,"rajčica, sir, šunka, maslina",,"13,00","13,00","1,7",DA,DA,,vesuvio,"tomato, cheese, ham, olives",Vesuv,"Tomaten, Käse, Schinken, Oliven",Vesuvio,"pomodoro, formaggio, prosciutto, olive",Vésuve,Vésuve,Vesubio,"tomate, queso, jamón, aceitunas",Vesúvio,"tomate, queijo, presunto, azeitonas",Vesuvius,"tomaat, kaas, ham, olijven",Wezuwiusz,"pomidor, ser, szynka, oliwki",Везувий,"помидоры, сыр, ветчина, оливки",Vezúv,"paradicsom, sajt, sonka, olajbogyó",Vesuv,"rajče, sýr, šunka, olivy",Vezuv,"paradajka, syr, šunka, olivy",Vezuv,"paradižnik, sir, šunka, olive",Везувій,"помідори, сир, шинка, оливки",Vezuviu,"roșii, brânză, șuncă, măsline",
Jelovnik,PIZZA,capricciosa,"rajčica, sir, šunka, gljive,artičoke, maslina",,"13,50","13,50","1,7",DA,DA,,capricciosa,"tomato, cheese, ham, mushrooms, artichokes, olives",Capricciosa,"Tomaten, Käse, Schinken, Champignons, Artischocken, Oliven",capricciosa,"pomodoro, formaggio, prosciutto, funghi, carciofi, olive",capricciosa,capricciosa,Caprichosa,"tomate, queso, jamón, champiñones, alcachofas, aceitunas",capricciosa,"tomate, queijo, presunto, cogumelos, alcachofras, azeitonas",capricciosa,"tomaat, kaas, ham, champignons, artisjokken, olijven",kapryśna,"pomidor, ser, szynka, pieczarki, karczochy, oliwki",каприкциоза,"помидоры, сыр, ветчина, грибы, артишоки, оливки",capricciosa,"paradicsom, sajt, sonka, gomba, articsóka, olajbogyó",capricciosa,"rajče, sýr, šunka, žampiony, artyčoky, olivy",capricciosa,"paradajka, syr, šunka, šampiňóny, artičoky, olivy",kapricioza,"paradižnik, sir, šunka, gobe, artičoke, olive",капрічоза,"помідори, сир, шинка, гриби, артишоки, оливки",capricioasă,"roșii, brânză, șuncă, ciuperci, anghinare, măsline",
Jelovnik,PIZZA,quattro stagioni,"rajčica, sir, šunka, gljive,artičoke, maslina",,"14,00","14,00","1,7",DA,DA,,quattro stagioni,"tomato, cheese, ham, mushrooms, artichokes, olives",quattro stagioni,"Tomaten, Käse, Schinken, Champignons, Artischocken, Oliven",quattro stagioni,"pomodoro, formaggio, prosciutto, funghi, carciofi, olive",quattro stagioni,quattro stagioni,cuatro estaciones,"tomate, queso, jamón, champiñones, alcachofas, aceitunas",quatro estações,"tomate, queijo, presunto, cogumelos, alcachofras, azeitonas",quattro stagioni,"tomaat, kaas, ham, champignons, artisjokken, olijven",quattro stagioni,"pomidor, ser, szynka, pieczarki, karczochy, oliwki",quattro stagioni,"помидоры, сыр, ветчина, грибы, артишоки, оливки",négyállásos,"paradicsom, sajt, sonka, gomba, articsóka, olajbogyó",čtyři sezóny,"rajče, sýr, šunka, žampiony, artyčoky, olivy",štyri sezóny,"paradajka, syr, šunka, šampiňóny, artičoky, olivy",štiri sezone,"paradižnik, sir, šunka, gobe, artičoke, olive",чотири сезони,"помідори, сир, шинка, гриби, артишоки, оливки",patru sezoane,"roșii, brânză, șuncă, ciuperci, anghinare, măsline",
Jelovnik,PIZZA,quattro formaggi,"rajčica, mozzarela, gorgonzola, gauda,grana padano, maslina",,"14,00","14,00","1,7,3,",DA,DA,,quattro formaggi,"tomato, mozzarella, gorgonzola, gouda, grana padano, olive",quattro formaggi,"Tomate, Mozzarella, Gorgonzola, Gouda, Grana Padano, Olive",quattro nazioni,"pomodoro, mozzarella, gorgonzola, gouda, grana padano, olive",quattro formaggi,quattro formaggi,quattro formaggi,"tomate, mozzarella, gorgonzola, gouda, grana padano, aceituna",quatro queijos,"tomate, mussarela, gorgonzola, gouda, grana padano, azeitona",quattro formaggi,"tomaat, mozzarella, gorgonzola, gouda, grana padano, olijf",quattro formaggi,"pomidor, mozzarella, gorgonzola, gouda, grana padano, oliwa",quattro formaggi,"помидоры, моцарелла, горгонзола, гауда, грана падано, оливки",quattro formaggi,"paradicsom, mozzarella, gorgonzola, gouda, grana padano, olíva",čtyřnásobné formy,"rajčata, mozzarella, gorgonzola, gouda, grana padano, olivy",štvorkolky,"paradajka, mozzarella, gorgonzola, gouda, grana padano, oliva",štiridelni kvadri,"paradižnik, mocarela, gorgonzola, gauda, ​​grana padano, olive",чотири форми,"помідор, моцарела, горгонзола, гауда, грана падано, оливки",patru forme,"roșii, mozzarella, gorgonzola, gouda, grana padano, măsline",
Jelovnik,PIZZA,calabrese,"rajčica, sir, tuna, luk, maslina",,"14,00","14,00","1,4,7,",DA,DA,,calabrese,"tomato, cheese, tuna, onion, olives",Kalabresen,"Tomaten, Käse, Thunfisch, Zwiebeln, Oliven",calabrese,"pomodoro, formaggio, tonno, cipolla, olive",calabrais,calabrais,calabrese,"tomate, queso, atún, cebolla, aceitunas",calabresa,"tomate, queijo, atum, cebola, azeitonas",calabrese,"tomaat, kaas, tonijn, ui, olijven",kalabryjski,"pomidor, ser, tuńczyk, cebula, oliwki",калабрийский,"помидор, сыр, тунец, лук, оливки",calabrese,"paradicsom, sajt, tonhal, hagyma, olajbogyó",kalábrijský,"rajče, sýr, tuňák, cibule, olivy",kalábrský,"paradajka, syr, tuniak, cibuľa, olivy",kalabreški,"paradižnik, sir, tuna, čebula, olive",калабрезький,"помідори, сир, тунець, цибуля, оливки",calabrese,"roșii, brânză, ton, ceapă, măsline",
Jelovnik,PIZZA,verdure,"rajčica, sir, patliđan,tikvice,paprika,šparoge,luk,gljive,cherry rajčica,kukuruz, maslina",,"14,50","14,50","1,7,",DA,DA,,verdure,"tomato, cheese, eggplant, zucchini, peppers, asparagus, onion, mushrooms, cherry tomatoes, corn, olives",Grün,"Tomaten, Käse, Auberginen, Zucchini, Paprika, Spargel, Zwiebeln, Champignons, Kirschtomaten, Mais, Oliven",vegetazione,"pomodoro, formaggio, melanzane, zucchine, peperoni, asparagi, cipolla, funghi, pomodorini, mais, olive",verdure,verdure,verdura,"tomate, queso, berenjena, calabacín, pimientos, espárragos, cebolla, champiñones, tomates cherry, maíz, aceitunas",verdura,"tomate, queijo, berinjela, abobrinha, pimentões, aspargos, cebola, cogumelos, tomates-cereja, milho, azeitonas",groen,"tomaat, kaas, aubergine, courgette, paprika, asperges, ui, champignons, cherrytomaten, maïs, olijven",zieleń,"pomidor, ser, bakłażan, cukinia, papryka, szparagi, cebula, pieczarki, pomidorki koktajlowe, kukurydza, oliwki",зелени,"помидор, сыр, баклажан, цуккини, перец, спаржа, лук, грибы, помидоры черри, кукуруза, оливки",zöld szín,"paradicsom, sajt, padlizsán, cukkini, paprika, spárga, hagyma, gomba, koktélparadicsom, kukorica, olajbogyó",zeleň,"rajče, sýr, lilek, cuketa, papriky, chřest, cibule, žampiony, cherry rajčátka, kukuřice, olivy",zeleň,"paradajka, syr, baklažán, cuketa, paprika, špargľa, cibuľa, šampiňóny, cherry paradajky, kukurica, olivy",zelenje,"paradižnik, sir, jajčevec, bučke, paprika, beluši, čebula, gobe, češnjev paradižnik, koruza, olive",зелень,"помідор, сир, баклажани, кабачки, перець, спаржа, цибуля, гриби, помідори чері, кукурудза, оливки",verdeaţă,"roșii, brânză, vinete, dovlecei, ardei, sparanghel, ceapă, ciuperci, roșii cherry, porumb, măsline",
Jelovnik,PIZZA,calzone,"rajčica, sir, šunka, gljive",,"13,00","13,00","1,7",DA,DA,,calzone,"tomato, cheese, ham, mushrooms",Calzone,"Tomaten, Käse, Schinken, Champignons",calzone,"pomodoro, formaggio, prosciutto, funghi",calzone,calzone,calzone,"tomate, queso, jamón, champiñones",calzone,"tomate, queijo, presunto, cogumelos",calzone,"tomaat, kaas, ham, champignons",calzone,"pomidor, ser, szynka, pieczarki",кальцоне,"помидор, сыр, ветчина, грибы",calzone,"paradicsom, sajt, sonka, gomba",calzone,"rajče, sýr, šunka, žampiony",calzone,"paradajka, syr, šunka, šampiňóny",kalcone,"paradižnik, sir, šunka, gobe",кальцоне,"помідори, сир, шинка, гриби",calzone,"roșii, brânză, șuncă, ciuperci",
Jelovnik,PIZZA,salami,"rajčica, sir, kulen, maslina",,"13,00","13,00","1,7",DA,DA,,salami,"tomato, cheese, kulen, olive",Salami,"Tomaten, Käse, Kulen, Oliven",salame,"pomodoro, formaggio, kulen, oliva",salami,salami,salami,"tomate, queso, kulen, aceituna",salame,"tomate, queijo, kulen, azeitona",salami,"tomaat, kaas, kulen, olijf",salami,"pomidor, ser, kulen, oliwki",салями,"помидор, сыр, кулен, оливка",szalámi,"paradicsom, sajt, kulen, olajbogyó",salám,"rajče, sýr, kulen, oliva",saláma,"paradajka, syr, kulen, oliva",salama,"paradižnik, sir, kulen, oliva",салямі,"помідор, сир, кулен, оливки",salam,"roșii, brânză, kulen, măsline",
Jelovnik,PIZZA,slavonska,"rajčica, sir, šunka, kulen, panceta, vrhnje, ljuti feferoni, maslina",,"14,00","14,00","1,7",DA,DA,,slavonian,"tomato, cheese, ham, kulen, pancetta, cream, hot pepperoni, olive",slawonisch,"Tomaten, Käse, Schinken, Kulen, Pancetta, Sahne, scharfe Peperoni, Oliven",slavo,"pomodoro, formaggio, prosciutto, kulen, pancetta, panna, peperoni piccanti, olive",slave,slave,eslavo,"tomate, queso, jamón, kulen, panceta, nata, pepperoni picante, aceituna",eslavo,"tomate, queijo, presunto, kulen, pancetta, creme, calabresa picante, azeitona",Slavisch,"tomaat, kaas, ham, koelen, pancetta, room, hete pepperoni, olijven",słowiański,"pomidor, ser, szynka, kulen, pancetta, śmietana, ostra pepperoni, oliwa",славонский,"помидоры, сыр, ветчина, кулен, панчетта, сливки, острая пепперони, оливки",szláv,"paradicsom, sajt, sonka, kulen, pancetta, tejszín, csípős pepperoni, olíva",slavonský,"rajče, sýr, šunka, kulen, pancetta, smetana, feferonky, oliv",slavónsky,"paradajka, syr, šunka, kulen, pancetta, smotana, feferónky, oliv",slavonski,"paradižnik, sir, šunka, kulen, panceta, smetana, feferoni, olive",слов'янський,"помідор, сир, шинка, кулен, панчетта, вершки, гострі пепероні, оливки",slavă,"roșii, brânză, șuncă, kulen, pancetta, smântână, ardei iute, măsline",
Jelovnik,PIZZA,tartufi,"sir, pršut, tartufata, maslina",,"16,00","16,00","1,7,",DA,DA,,tartufi,"cheese, prosciutto, truffle sauce, olives",Tartufi,"Käse, Prosciutto, Trüffelsauce, Oliven",tartufi,"formaggio, prosciutto, salsa al tartufo, olive",tartufi,tartufi,tartufi,"queso, jamón serrano, salsa de trufa, aceitunas",tartufi,"queijo, presunto, molho de trufa, azeitonas",tartufi,"kaas, prosciutto, truffelsaus, olijven",tartufi,"ser, prosciutto, sos truflowy, oliwki",тартуфи,"сыр, прошутто, трюфельный соус, оливки",tartufi,"sajt, prosciutto, szarvasgombás szósz, olajbogyó",tartufi,"sýr, prosciutto, lanýžová omáčka, olivy",tartufi,"syr, prosciutto, hľuzovková omáčka, olivy",tartufi,"sir, pršut, omaka s tartufi, olive",тартуфі,"сир, прошуто, трюфельний соус, оливки",tartufi,"brânză, prosciutto, sos de trufe, măsline",
Jelovnik,PIZZA,deveron,"rajčica, sir, kulen,panceta,karamelizirani luk, krema od parmezana,cherry rajčica, maslina",,"16,00","16,00","1,7,3,12",DA,DA,,deveron,"tomato, cheese, kulen, pancetta, caramelized onions, parmesan cream, cherry tomatoes, olives",Deveron,"Tomaten, Käse, Kulen, Pancetta, karamellisierte Zwiebeln, Parmesancreme, Kirschtomaten, Oliven",deveron,"pomodoro, formaggio, kulen, pancetta, cipolle caramellate, crema di parmigiano, pomodorini, olive",deveron,deveron,Deveron,"tomate, queso, kulen, panceta, cebollas caramelizadas, crema de parmesano, tomates cherry, aceitunas",deveron,"tomate, queijo, kulen, pancetta, cebolas caramelizadas, creme de parmesão, tomates-cereja, azeitonas",deveron,"tomaat, kaas, kulen, pancetta, gekarameliseerde uien, Parmezaanse room, cherrytomaten, olijven",Deveron,"pomidor, ser, kulen, pancetta, karmelizowana cebula, krem ​​parmezanowy, pomidorki koktajlowe, oliwki",деверон,"помидор, сыр, кулен, панчетта, карамелизованный лук, пармезановый крем, помидоры черри, оливки",Deveron,"paradicsom, sajt, kulen, pancetta, karamellizált hagyma, parmezánkrém, koktélparadicsom, olajbogyó",Deveron,"rajče, sýr, kulen, pancetta, karamelizovaná cibule, parmazán, cherry rajčátka, olivy",deverón,"paradajka, syr, kulen, pancetta, karamelizovaná cibuľa, parmezánový krém, cherry paradajky, olivy",Deveron,"paradižnik, sir, kulen, panceta, karamelizirana čebula, parmezanova krema, češnjevi paradižniki, olive",Деверон,"помідор, сир, кулен, панчета, карамелізована цибуля, пармезановий крем, помідори чері, оливки",deveron,"roșii, brânză, kulen, pancetta, ceapă caramelizată, cremă de parmezan, roșii cherry, măsline",
Jelovnik,PIZZA,frutti di mare,"rajčica, sir, plodovi mora, češnjak, maslina",,"16,00","16,00","1,7,2,14",DA,DA,,fruit of the sea,"tomato, cheese, seafood, garlic, olives",Früchte des Meeres,"Tomaten, Käse, Meeresfrüchte, Knoblauch, Oliven",frutto del mare,"pomodoro, formaggio, frutti di mare, aglio, olive",fruit de la mer,fruit de la mer,fruto del mar,"tomate, queso, mariscos, ajo, aceitunas",fruto do mar,"tomate, queijo, frutos do mar, alho, azeitonas",vruchten van de zee,"tomaat, kaas, zeevruchten, knoflook, olijven",owoce morza,"pomidor, ser, owoce morza, czosnek, oliwki",плоды моря,"помидоры, сыр, морепродукты, чеснок, оливки",a tenger gyümölcse,"paradicsom, sajt, tenger gyümölcsei, fokhagyma, olajbogyó",plody moře,"rajče, sýr, mořské plody, česnek, olivy",ovocie mora,"paradajka, syr, morské plody, cesnak, olivy",morski sadeži,"paradižnik, sir, morski sadeži, česen, olive",плід моря,"помідори, сир, морепродукти, часник, оливки",fructul mării,"roșii, brânză, fructe de mare, usturoi, măsline",
Jelovnik,PIZZA,picante,"rajčica, sir, ljuti kulen, ljuti feferoni, maslina",,"13,00","13,00","1,7",DA,DA,,picante,"tomato, cheese, spicy kulen, spicy pepperoni, olive",scharf,"Tomaten, Käse, scharfe Kulen, scharfe Peperoni, Oliven",piccante,"pomodoro, formaggio, kulen piccante, peperoni piccanti, olive",picante,picante,picante,"tomate, queso, kulen picante, pepperoni picante, aceituna",picante,"tomate, queijo, kulen picante, pepperoni picante, azeitona",picante,"tomaat, kaas, pittige kulen, pittige pepperoni, olijf",pikantny,"pomidor, ser, pikantny kulen, pikantne pepperoni, oliwki",пиканте,"помидор, сыр, острый кулен, острая пепперони, оливки",pikáns,"paradicsom, sajt, csípős kulen, csípős pepperoni, olajbogyó",pikantní,"rajče, sýr, pikantní kulen, pikantní pepperoni, oliva",pikantné,"paradajka, syr, pikantný kulen, pikantné pepperoni, oliva",pikantno,"paradižnik, sir, pikanten kulen, pikantni feferoni, oliva",пікантний,"помідор, сир, гострий кулен, гостра пепероні, оливки",picant,"roșii, brânză, kulen picant, pepperoni picant, măsline",
Jelovnik,PIZZA,romana,"rajčica, sir, slana srdela, kapari, maslina",,"13,00","13,00","1,4,7,",DA,DA,,romana,"tomato, cheese, salted sardines, capers, olives",Romana,"Tomaten, Käse, gesalzene Sardinen, Kapern, Oliven",Margherita,"pomodoro, formaggio, sardine salate, capperi, olive",romana,romana,romana,"tomate, queso, sardinas saladas, alcaparras, aceitunas",romana,"tomate, queijo, sardinhas salgadas, alcaparras, azeitonas",romana,"tomaat, kaas, gezouten sardines, kappertjes, olijven",Rzymianka,"pomidor, ser, solone sardynki, kapary, oliwki",романа,"помидоры, сыр, соленые сардины, каперсы, оливки",római,"paradicsom, sajt, sózott szardínia, kapribogyó, olajbogyó",Romana,"rajče, sýr, solené sardinky, kapary, olivy",rímsky,"paradajka, syr, solené sardinky, kapary, olivy",Romana,"paradižnik, sir, soljene sardine, kapre, olive",романа,"помідори, сир, солоні сардини, каперси, оливки",romană,"roșii, brânză, sardine sărate, capere, măsline",
Jelovnik,PIZZA,"radicchio, panceta e salamino","rajčica, sir, radić,panceta,kulen, maslina",,"13,50","13,50","1,7,",DA,DA,,"radicchio, panceta e salamino","tomato, cheese, radicchio, pancetta, kulen, olives","Radicchio, Panceta e Salamino","Tomaten, Käse, Radicchio, Pancetta, Kulen, Oliven","radicchio, pancetta e salamino","pomodoro, formaggio, radicchio, pancetta, kulen, olive","radicchio, panceta e salamino","radicchio, panceta e salamino","radicchio, panceta e salamino","tomate, queso, achicoria, panceta, kulen, aceitunas","radicchio, panceta e salamino","tomate, queijo, radicchio, pancetta, kulen, azeitonas","radicchio, pancetta e salamino","tomaat, kaas, radicchio, pancetta, kulen, olijven","radicchio, panceta e salamino","pomidor, ser, radicchio, pancetta, kulen, oliwki","radicchio, panceta e salamino","помидоры, сыр, радиккио, панчетта, кулен, оливки","radicchio, panceta és szalámi","paradicsom, sajt, radicchio, pancetta, kulen, olajbogyó","čekanka, pancetta a salám","rajčata, sýr, radicchio, pancetta, kulen, olivy","čakanka, pancetta a saláma","paradajka, syr, radicchio, pancetta, kulen, olivy","radič, panceta in salama","paradižnik, sir, radič, panceta, kulen, olive","радіккіо, панчета та саляміно","помідор, сир, радиккіо, панчетта, кулен, оливки","radicchio, panceta și salam","roșii, brânză, radicchio, pancetta, kulen, măsline",
Jelovnik,PIZZA,panna e panceta,"rajčica, sir, vrhnje ua kuhanje, panceta",,"13,00","13,00","1,7,",DA,DA,,panna e panceta,"tomato, cheese, cooking cream, pancetta",panna e panceta,"Tomaten, Käse, Kochsahne, Pancetta",panna e pancetta,"pomodoro, formaggio, panna da cucina, pancetta",panna e panceta,panna e panceta,panna e panceta,"tomate, queso, nata para cocinar, panceta",panna e panceta,"tomate, queijo, creme de leite, pancetta",panna e panceta,"tomaat, kaas, kookroom, pancetta",panna e panceta,"pomidor, ser, śmietana do gotowania, pancetta",panna e panceta,"помидор, сыр, сливки для приготовления пищи, панчетта",panna és panceta,"paradicsom, sajt, főzőtejszín, pancetta",panna a pancetta,"rajče, sýr, smetana na vaření, pancetta",panna a pancetta,"paradajka, syr, smotana na varenie, pancetta",panna in panceta,"paradižnik, sir, smetana za kuhanje, panceta",панна та панчета,"помідор, сир, вершки для приготування, панчета",panna și panceta,"roșii, brânză, smântână de gătit, pancetta",
Jelovnik,PIZZA,prosciutto e funghi - mješana,"rajčica, sir, šunka, gljive",,"13,50","13,50","1,7",DA,DA,,prosciutto e funghi,"tomato, cheese, ham, mushrooms",Prosciutto e funghi,"Tomaten, Käse, Schinken, Champignons",prosciutto e funghi,"pomodoro, formaggio, prosciutto, funghi",prosciutto et champignons,prosciutto et champignons,prosciutto y champiñones,"tomate, queso, jamón, champiñones",presunto e cogumelos,"tomate, queijo, presunto, cogumelos",prosciutto e funghi,"tomaat, kaas, ham, champignons",szynka i grzyby,"pomidor, ser, szynka, pieczarki",прошутто э фунги,"помидор, сыр, ветчина, грибы",sonka és gomba,"paradicsom, sajt, sonka, gomba",prosciutto a houby,"rajče, sýr, šunka, žampiony",prosciutto a huby,"paradajka, syr, šunka, šampiňóny",pršut in gobe,"paradižnik, sir, šunka, gobe",прошуто та гриби,"помідори, сир, шинка, гриби",prosciutto și ciuperci,"roșii, brânză, șuncă, ciuperci",
Jelovnik,PIZZA,gorgonzola e panceta,"rajčica, sir, gorgonzola, panceta",,"13,50","13,50","1,7",DA,DA,,gorgonzola e panceta,"tomato, cheese, gorgonzola, pancetta",Gorgonzola und Panceta,"Tomate, Käse, Gorgonzola, Pancetta",gorgonzola e pancetta,"pomodoro, formaggio, gorgonzola, pancetta",gorgonzola et panceta,gorgonzola et panceta,gorgonzola y panceta,"tomate, queso, gorgonzola, panceta",gorgonzola e panceta,"tomate, queijo, gorgonzola, pancetta",gorgonzola en panceta,"tomaat, kaas, gorgonzola, pancetta",gorgonzola i panceta,"pomidor, ser, gorgonzola, pancetta",горгонзола э панчета,"помидоры, сыр, горгонзола, панчетта",gorgonzola és panceta,"paradicsom, sajt, gorgonzola, pancetta",gorgonzola a pancetta,"rajče, sýr, gorgonzola, pancetta",gorgonzola a panceta,"paradajka, syr, gorgonzola, pancetta",gorgonzola in panceta,"paradižnik, sir, gorgonzola, panceta",горгонзола та панчета,"помідор, сир, горгонзола, панчетта",gorgonzola și pancetta,"roșii, brânză, gorgonzola, pancetta",
Jelovnik,PIZZA,alla pizzaiolo,"rajčica, sir, paprika, luk, hamburger salama, rikola, chery rajčice, krema od parmezana",,"16,00","16,00","1,3,7,",DA,DA,,alla pizzaiolo,"tomato, cheese, pepper, onion, hamburger salami, arugula, cherry tomatoes, parmesan cream",alla pizzaiolo,"Tomaten, Käse, Paprika, Zwiebeln, Hamburgersalami, Rucola, Kirschtomaten, Parmesancreme",alla pizzaiolo,"pomodoro, formaggio, pepe, cipolla, salame per hamburger, rucola, pomodorini, crema al parmigiano",alla pizzaiolo,alla pizzaiolo,alla pizzaiolo,"tomate, queso, pimiento, cebolla, salami de hamburguesa, rúcula, tomates cherry, crema de parmesano",alla pizzaiolo,"tomate, queijo, pimentão, cebola, salame de hambúrguer, rúcula, tomates-cereja, creme de parmesão",alla pizzaiolo,"tomaat, kaas, paprika, ui, hamburgersalami, rucola, cherrytomaten, Parmezaanse room",alla pizzaiolo,"pomidor, ser, papryka, cebula, salami hamburgerowe, rukola, pomidorki koktajlowe, krem ​​parmezanowy",алла пиццайоло,"помидор, сыр, перец, лук, салями для гамбургеров, руккола, помидоры черри, пармезановый крем",alla pizzaiolo,"paradicsom, sajt, paprika, hagyma, hamburgerszalámi, rukkola, koktélparadicsom, parmezánkrém",alla pizzaiolo,"rajče, sýr, paprika, cibule, hamburgerový salám, rukola, cherry rajčátka, parmazánový krém",pizzaiolo,"paradajka, syr, paprika, cibuľa, hamburgerová saláma, rukola, cherry paradajky, parmezánový krém",alla pizzaiolo,"paradižnik, sir, paprika, čebula, salama za hamburger, rukola, češnjevi paradižniki, parmezanova krema",піцайоло,"помідор, сир, перець, цибуля, салямі для гамбургерів, рукола, помідори чері, пармезановий крем",la pizzaiolo,"roșii, brânză, ardei, ceapă, salam de hamburger, rucola, roșii cherry, cremă de parmezan",
Jelovnik,PIZZA,apoksiomen,"sir, šparoge, panceta, rikola, jaje",,"16,00","16,00","1,3,7,",DA,DA,,apokisomen,"cheese, asparagus, pancetta, arugula, egg",apokisomen,"Käse, Spargel, Pancetta, Rucola, Ei",apokisomen,"formaggio, asparagi, pancetta, rucola, uovo",apokisome,apokisome,apokisomen,"queso, espárragos, panceta, rúcula, huevo",apokisomen,"queijo, aspargos, pancetta, rúcula, ovo",apokisomen,"kaas, asperges, pancetta, rucola, ei",apokisomen,"ser, szparagi, pancetta, rukola, jajko",апоксимен,"сыр, спаржа, панчетта, руккола, яйцо",apokisomen,"sajt, spárga, pancetta, rukkola, tojás",apokisomen,"sýr, chřest, pancetta, rukola, vejce",apokisomen,"syr, špargľa, pancetta, rukola, vajce",apokisomen,"sir, beluši, panceta, rukola, jajce",апокізомен,"сир, спаржа, панчета, рукола, яйце",apokizomen,"brânză, sparanghel, pancetta, rucola, ou",
Jelovnik,PIZZA,jack sparrow,"rajčica, sir, carpaccio od hobotnice, cvijet kapara, masline",,"16,00","16,00","1,7,14,",DA,DA,,jack sparrow,"tomato, cheese, octopus carpaccio, caper flower, olives",Jack Sperling,"Tomaten, Käse, Oktopus-Carpaccio, Kapernblüte, Oliven",Passero jack,"pomodoro, formaggio, carpaccio di polpo, fiore di cappero, olive",Moineau,Moineau,Jack Sparrow,"tomate, queso, carpaccio de pulpo, flor de alcaparra, aceitunas",pardal-de-jack,"tomate, queijo, carpaccio de polvo, flor de alcaparra, azeitonas",Jack Sparrow,"tomaat, kaas, octopuscarpaccio, kappertjesbloem, olijven",Jack Sparrow,"pomidor, ser, carpaccio z ośmiornicy, kwiat kaparów, oliwki",Джек Воробей,"помидоры, сыр, карпаччо из осьминога, цветки каперсов, оливки",Jack Sparrow,"paradicsom, sajt, polip carpaccio, kapribogyó virág, olajbogyó",vrabec jack,"rajče, sýr, carpaccio z chobotnice, květ kapary, olivy",vrabec jack,"paradajka, syr, carpaccio z chobotnice, kvet kapary, olivy",vrabec,"paradižnik, sir, karpačo iz hobotnice, cvet kapre, olive",Джек Горобець,"помідор, сир, карпачо з восьминога, квітка каперсів, оливки",vrabie jack,"roșii, brânză, carpaccio de caracatiță, floare de capere, măsline",
Jelovnik,PIZZA,pistacchio e mortadela,"krema od pistacija, sir, grana padano, pistacija, mortadela",,"17,00","17,00","1,7,8,3",DA,DA,,pistacchio e mortadela,"pistachio cream, cheese, grana padano, pistachio, mortadella",pistacchio e mortadela,"Pistaziencreme, Käse, Grana Padano, Pistazien, Mortadella",pistacchio e mortadella,"crema di pistacchio, formaggio, grana padano, pistacchio, mortadella",pistaches et mortadelle,pistaches et mortadelle,pistacho y mortadela,"crema de pistacho, queso, grana padano, pistacho, mortadela",pistache e mortadela,"creme de pistache, queijo, grana padano, pistache, mortadela",pistacchio e mortadela,"pistacheroom, kaas, grana padano, pistache, mortadella",pistacje i mortadela,"krem pistacjowy, ser, grana padano, pistacja, mortadela",фисташка и мортадела,"фисташковый крем, сыр, грана падано, фисташки, мортаделла",pisztácia és mortadela,"pisztácia krém, sajt, grana padano, pisztácia, mortadella",pistácie a mortadela,"pistáciový krém, sýr, grana padano, pistácie, mortadella",pistácie a mortadela,"pistáciový krém, syr, grana padano, pistácie, mortadella",pistacija in mortadela,"pistacijeva krema, sir, grana padano, pistacija, mortadela",фісташки та мортадела,"фісташковий крем, сир, грана падано, фісташка, мортаделла",fistic și mortadelă,"crema de fistic, branza, grana padano, fistic, mortadela",
Jelovnik,PIZZA,prilozi,"umak od rajčice, luk, kukuruz, šparoge, masline, kapari,rikola, bosiljak,gauda, mozzarella, vrhnje, jaje, šunka",,"2,50","2,50",,DA,DA,,extras,"tomato sauce, onion, corn, asparagus, olives, capers, arugula, basil, gouda, mozzarella, cream, egg, ham",Extras,"Tomatensoße, Zwiebeln, Mais, Spargel, Oliven, Kapern, Rucola, Basilikum, Gouda, Mozzarella, Sahne, Ei, Schinken",extra,"salsa di pomodoro, cipolla, mais, asparagi, olive, capperi, rucola, basilico, gouda, mozzarella, panna, uovo, prosciutto",extras,extras,extras,"salsa de tomate, cebolla, maíz, espárragos, aceitunas, alcaparras, rúcula, albahaca, gouda, mozzarella, crema, huevo, jamón",extras,"molho de tomate, cebola, milho, aspargos, azeitonas, alcaparras, rúcula, manjericão, queijo gouda, mussarela, creme de leite, ovo, presunto",extra's,"tomatensaus, ui, maïs, asperges, olijven, kappertjes, rucola, basilicum, gouda, mozzarella, room, ei, ham",dodatki,"sos pomidorowy, cebula, kukurydza, szparagi, oliwki, kapary, rukola, bazylia, gouda, mozzarella, śmietana, jajko, szynka",дополнительные услуги,"томатный соус, лук, кукуруза, спаржа, оливки, каперсы, руккола, базилик, сыр гауда, моцарелла, сливки, яйцо, ветчина",extrák,"paradicsomszósz, hagyma, kukorica, spárga, olajbogyó, kapribogyó, rukkola, bazsalikom, gouda sajt, mozzarella, tejszín, tojás, sonka",doplňky,"rajčatová omáčka, cibule, kukuřice, chřest, olivy, kapary, rukola, bazalka, gouda, mozzarella, smetana, vejce, šunka",bonusy,"paradajková omáčka, cibuľa, kukurica, špargľa, olivy, kapary, rukola, bazalka, gouda, mozzarella, smotana, vajce, šunka",dodatki,"paradižnikova omaka, čebula, koruza, beluši, olive, kapre, rukola, bazilika, gauda, ​​mocarela, smetana, jajce, šunka",додаткові послуги,"томатний соус, цибуля, кукурудза, спаржа, оливки, каперси, рукола, базилік, гауда, моцарела, вершки, яйце, шинка",extrasuri,"sos de roșii, ceapă, porumb, sparanghel, măsline, capere, rucola, busuioc, gouda, mozzarella, smântână, ou, șuncă",
Jelovnik,PIZZA,prilozi,"pršut, panceta, kulen, gorgonzola, grana padano, krema od parmezana, krema od pistacija, pistacija, tartufata,slani inćuni, tuna,",,"3,00","3,00",,DA,DA,,extras,"prosciutto, pancetta, kulen, gorgonzola, Grana Padano, Parmesan cream, pistachio cream, pistachios, truffles, salted anchovies, tuna,",Extras,"Prosciutto, Pancetta, Kulen, Gorgonzola, Grana Padano, Parmesancreme, Pistaziencreme, Pistazien, Trüffel, gesalzene Sardellen, Thunfisch,",extra,"prosciutto, pancetta, kulen, gorgonzola, Grana Padano, crema di parmigiano, crema di pistacchi, pistacchi, tartufo, acciughe salate, tonno,",extras,extras,extras,"prosciutto, panceta, kulen, gorgonzola, grana padano, crema de parmesano, crema de pistacho, pistachos, trufas, anchoas saladas, atún,",extras,"presunto, pancetta, kulen, gorgonzola, Grana Padano, creme de parmesão, creme de pistache, pistache, trufas, anchovas salgadas, atum,",extra's,"prosciutto, pancetta, kulen, gorgonzola, Grana Padano, Parmezaanse room, pistacheroom, pistachenoten, truffels, gezouten ansjovis, tonijn,",dodatki,"prosciutto, pancetta, kulen, gorgonzola, Grana Padano, krem ​​parmezanowy, krem ​​pistacjowy, pistacje, trufle, solone anchois, tuńczyk,",дополнительные услуги,"прошутто, панчетта, кулен, горгонзола, Грана Падано, крем Пармезан, фисташковый крем, фисташки, трюфели, соленые анчоусы, тунец,",extrák,"prosciutto, pancetta, kulen, gorgonzola, Grana Padano, parmezánkrém, pisztácia krém, pisztácia, szarvasgomba, sózott szardella, tonhal,",doplňky,"prosciutto, pancetta, kulen, gorgonzola, Grana Padano, parmazánový krém, pistáciový krém, pistácie, lanýže, solené ančovičky, tuňák,",bonusy,"prosciutto, pancetta, kulen, gorgonzola, Grana Padano, parmezánový krém, pistáciový krém, pistácie, hľuzovky, solené ančovičky, tuniak,",dodatki,"pršut, panceta, kulen, gorgonzola, grana padano, parmezanova krema, pistacijeva krema, pistacije, tartufi, slani inčuni, tuna,",додаткові послуги,"прошутто, панчетта, кулен, горгонзола, грана падано, пармезановий крем, фісташковий крем, фісташки, трюфелі, солоні анчоуси, тунець,",extrasuri,"prosciutto, pancetta, kulen, gorgonzola, Grana Padano, crema de parmezan, crema de fistic, fistic, trufe, hamsii sarate, ton,",
Jelovnik,KIDS MENU,čevapčići,"pomfrit, sok jabuka / naranča",,"14,00","14,00",1,DA,DA,,cevapcici,"French fries, apple/orange juice",Cevapcici,"Pommes frites, Apfel-/Orangensaft",cevaptici,"Patatine fritte, succo di mela/arancia",cevapcici,cevapcici,cevapcici,"Papas fritas, jugo de manzana/naranja",cevapcici,"Batatas fritas, suco de maçã/laranja",cevapcici,"Frietjes, appel-/sinaasappelsap",cevapcici,"Frytki, sok jabłkowy/pomarańczowy",чевапцици,"Картофель фри, яблочный/апельсиновый сок",Cevapcici,"Sült krumpli, alma-/narancslé",čevapčiči,"Hranolky, jablečný/pomerančový džus",čevapčiči,"Hranolky, jablkový/pomarančový džús",čevapčići,"Pomfrit, jabolčni/pomarančni sok",чевапчичі,"Картопля фрі, яблучний/апельсиновий сік",cevapcici,"Cartofi prăjiți, suc de mere/portocale",
Jelovnik,KIDS MENU,bečki odrezak,"pomfrit, sok",,"14,00","14,00","1,3",DA,DA,,vienna steak,"French fries, juice",Wiener Steak,"Pommes frites, Saft",bistecca viennese,"Patatine fritte, succo di frutta",steak viennois,steak viennois,filete vienés,"papas fritas, jugo",bife vienense,"Batatas fritas, suco",Weense steak,"Frietjes, sap",stek wiedeński,"Frytki, sok",венский стейк,"Картофель фри, сок",bécsi steak,"Sült krumpli, gyümölcslé",vídeňský steak,"Hranolky, džus",viedenský steak,"Hranolky, džús",dunajski zrezek,"Pomfrit, sok",віденський стейк,"Картопля фрі, сік",friptură vieneză,"Cartofi prăjiți, suc",
Jelovnik,KIDS MENU,chicken nuggets,"pomfrit, sok",,"14,00","14,00","1,3,6,7",DA,DA,,chicken nuggets,"French fries, juice",Chicken Nuggets,"Pommes frites, Saft",crocchette di pollo,"Patatine fritte, succo di frutta",nuggets de poulet,nuggets de poulet,nuggets de pollo,"papas fritas, jugo",nuggets de frango,"Batatas fritas, suco",kipnuggets,"Frietjes, sap",nuggetsy z kurczaka,"Frytki, sok",куриные наггетсы,"Картофель фри, сок",csirkefalatkák,"Sült krumpli, gyümölcslé",kuřecí nugetky,"Hranolky, džus",kuracie nugetky,"Hranolky, džús",piščančji medaljoni,"Pomfrit, sok",курячі нагетси,"Картопля фрі, сік",nuggets de pui,"Cartofi prăjiți, suc",
Jelovnik,KIDS MENU,špageti bolognese,sok,,"12,00","12,00","1,9,12",DA,DA,,spaghetti bolognese,juice,Spaghetti Bolognese,Saft,spaghetti alla bolognese,succo,spaghetti bolognaise,spaghetti bolognaise,espaguetis a la boloñesa,jugo,espaguete à bolonhesa,suco,spaghetti bolognese,sap,spaghetti bolognese,sok,спагетти болоньезе,сок,bolognai spagetti,lé,špagety bolonské,šťáva,špagety bolonské,šťava,špageti bolonjez,sok,спагеті болоньєзе,сік,spaghete bolognese,suc,
Jelovnik,KIDS MENU,špageti rajčica bosiljak,sok,,"12,00","12,00","1,9",DA,DA,,spaghetti tomato basil,juice,Spaghetti mit Tomaten und Basilikum,Saft,spaghetti pomodoro basilico,succo,spaghetti tomate basilic,spaghetti tomate basilic,espaguetis tomate albahaca,jugo,espaguete com tomate e manjericão,suco,spaghetti tomaat basilicum,sap,spaghetti pomidor bazylia,sok,спагетти с помидорами и базиликом,сок,spagetti paradicsom bazsalikom,lé,špagety rajče bazalka,šťáva,špagety paradajka bazalka,šťava,špageti paradižnik bazilika,sok,спагеті помідор базилік,сік,spaghete roșii busuioc,suc,
Specijaliteti,,Ravioli punjeni jakobovim kapicama i kozicama u umaku od rakova i kavijara,,,"21,00","21,00",,DA,DA,Malvazija Kozlović 🥂,Ravioli filled with scallops and prawns in crab and caviar sauce,,Ravioli mit Jakobsmuscheln und Garnelen in Krabben-Kaviar-Sauce,,Ravioli ripieni di capesante e gamberi in salsa di granchio e caviale,,"Raviolis farcis aux Saint-Jacques et crevettes, sauce crabe et caviar",,Raviolis rellenos de vieiras y gambas en salsa de cangrejo y caviar,,Ravioli recheados com vieiras e camarão em molho de caranguejo e caviar,,Ravioli gevuld met sint-jakobsschelpen en garnalen in krab-kaviaarsaus,,Ravioli z przegrzebkami i krewetkami w sosie krabowym z kawiorem,,Равиоли с морскими гребешками и креветками в соусе из краба и икры,,"Ravioli fésűkagylóval és garnélával, rák-kaviár mártásban",,Ravioli plněné hřebenatkami a krevetami v krabí omáčce s kaviárem,,Ravioli plnené hrebenatkami a krevetami v krabej omáčke s kaviárom,,Ravioli s pokrovačami in kozicami v omaki iz rakov in kaviarja,,Равіолі з морськими гребінцями та креветками в соусі з краба та ікри,,Ravioli umpluți cu scoici Saint-Jacques și creveți în sos de crab și caviar,,ravioli-kapice-kozice.jpg
Specijaliteti,,Ravioli punjeni ricottom i špinatom u umaku od kadulje i pršuta,,,"19,00","19,00",,DA,DA,Malvazija Deklić 🥂,Ravioli filled with ricotta and spinach in sage and prosciutto sauce,,Ravioli mit Ricotta und Spinat in Salbei-Prosciutto-Sauce,,Ravioli ricotta e spinaci in salsa di salvia e prosciutto,,"Raviolis ricotta et épinards, sauce sauge et prosciutto",,Raviolis de ricotta y espinacas en salsa de salvia y jamón,,Ravioli de ricota e espinafres em molho de salva e presunto,,Ravioli met ricotta en spinazie in salie-prosciuttosaus,,Ravioli z ricottą i szpinakiem w sosie szałwiowym z szynką,,Равиоли с рикоттой и шпинатом в соусе из шалфея и прошутто,,"Ravioli ricottával és spenóttal, zsályás-sonkás mártásban",,Ravioli s ricottou a špenátem v šalvějové omáčce se šunkou,,Ravioli s ricottou a špenátom v šalviovej omáčke so šunkou,,Ravioli z rikoto in špinačo v omaki iz žajblja in pršuta,,Равіолі з рикотою та шпинатом у соусі з шавлії та прошуто,,Ravioli cu ricotta și spanac în sos de salvie și prosciutto,,
Specijaliteti,,Ravioli punjeni skutom u tartufati s listićima crnog tartufa,,,"18,50","18,50",,DA,DA,Pošip Nerica 🥂,Ravioli filled with fresh cheese in truffle sauce with black truffle shavings,,Ravioli mit Frischkäse in Trüffelsauce mit schwarzen Trüffelspänen,,Ravioli ripieni di formaggio fresco in salsa al tartufo con scaglie di tartufo nero,,"Raviolis au fromage frais, sauce truffe et copeaux de truffe noire",,Raviolis de queso fresco en salsa de trufa con láminas de trufa negra,,Ravioli de queijo fresco em molho de trufa com lascas de trufa negra,,Ravioli met verse kaas in truffelsaus met zwarte truffelschaafsel,,Ravioli z twarożkiem w sosie truflowym z płatkami czarnej trufli,,Равиоли со свежим сыром в трюфельном соусе с лепестками чёрного трюфеля,,"Ravioli friss sajttal, szarvasgombamártásban, fekete szarvasgomba-forgáccsal",,Ravioli s čerstvým sýrem v lanýžové omáčce s plátky černého lanýže,,Ravioli s čerstvým syrom v hľuzovkovej omáčke s plátkami čiernej hľuzovky,,Ravioli s skuto v tartufati z lističi črnega tartufa,,Равіолі зі свіжим сиром у трюфельному соусі з пелюстками чорного трюфеля,,Ravioli cu brânză proaspătă în sos de trufe cu fulgi de trufe negre,,ravioli-tartufata.jpg
Specijaliteti,,Rižoto od lošinjske sipe,,,"18,50","18,50",,DA,DA,Chard Apolitico 🥂,Lošinj cuttlefish risotto,,Risotto mit Lošinjer Tintenfisch,,Risotto alle seppie di Lussino,,Risotto à la seiche de Lošinj,,Risotto de sepia de Lošinj,,Risoto de choco de Lošinj,,Risotto met inktvis uit Lošinj,,Risotto z mątwą z Lošinja,,Ризотто с лошиньской каракатицей,,Rizottó lošinji tintahallal,,Rizoto se sépií z Lošinje,,Rizoto so sépiou z Lošinja,,Rižota z lošinjsko sipo,,Різото з лошинською каракатицею,,Risotto cu sepie de Lošinj,,
Specijaliteti,,Crveni rižoto s kozicama i tikvicama,,,"18,50","18,50",,DA,DA,Malvazija Bastijan 🥂,Red risotto with prawns and courgettes,,Rotes Risotto mit Garnelen und Zucchini,,Risotto rosso con gamberi e zucchine,,Risotto rouge aux crevettes et courgettes,,Risotto rojo con gambas y calabacín,,Risoto vermelho com camarão e curgete,,Rode risotto met garnalen en courgette,,Czerwone risotto z krewetkami i cukinią,,Красное ризотто с креветками и цукини,,Vörös rizottó garnélával és cukkinivel,,Červené rizoto s krevetami a cuketou,,Červené rizoto s krevetami a cuketou,,Rdeča rižota s kozicami in bučkami,,Червоне різото з креветками та цукіні,,Risotto roșu cu creveți și dovlecei,,
Specijaliteti,,Rižoto s komadićima bifteka i karameliziranim ljubičastim lukom,,,"18,50","18,50",,DA,DA,Cabernet Korlat 🍷,Risotto with beef tenderloin pieces and caramelised red onion,,Risotto mit Rinderfiletstücken und karamellisierten roten Zwiebeln,,Risotto con bocconcini di filetto e cipolla rossa caramellata,,Risotto aux morceaux de filet de bœuf et oignon rouge caramélisé,,Risotto con trozos de solomillo y cebolla morada caramelizada,,Risoto com pedaços de lombo de vaca e cebola roxa caramelizada,,Risotto met stukjes ossenhaas en gekarameliseerde rode ui,,Risotto z kawałkami polędwicy i karmelizowaną czerwoną cebulą,,Ризотто с кусочками говяжьей вырезки и карамелизированным красным луком,,Rizottó bélszínfalatokkal és karamellizált lilahagymával,,Rizoto s kousky svíčkové a karamelizovanou červenou cibulí,,Rizoto s kúskami sviečkovice a karamelizovanou červenou cibuľou,,Rižota s koščki govejega fileja in karamelizirano rdečo čebulo,,Різото зі шматочками яловичої вирізки та карамелізованою червоною цибулею,,Risotto cu bucăți de mușchi de vită și ceapă roșie caramelizată,,
Specijaliteti,,Confit od creske janjetine s krumpirom i povrćem,,,"39,00","39,00",,DA,DA,Crljenak Kaštelanski 🍷,Cres lamb confit with potatoes and vegetables,,Confit vom Creser Lamm mit Kartoffeln und Gemüse,,Confit di agnello di Cherso con patate e verdure,,"Confit d'agneau de Cres, pommes de terre et légumes",,Confit de cordero de Cres con patatas y verduras,,Confit de borrego de Cres com batatas e legumes,,Confit van lam uit Cres met aardappelen en groenten,,Confit z jagnięciny z Cres z ziemniakami i warzywami,,Конфи из ягнёнка с острова Црес с картофелем и овощами,,Cresi bárány confit burgonyával és zöldségekkel,,Confit z jehněčího z Cresu s bramborami a zeleninou,,Confit z jahňaciny z Cresu so zemiakmi a zeleninou,,Confit creške jagnjetine s krompirjem in zelenjavo,,Конфі з ягнятини з острова Црес з картоплею та овочами,,Confit de miel de Cres cu cartofi și legume,,
Specijaliteti,,Dalmatinska pašticada à la Deveron s njokima,,,"26,00","26,00",,DA,DA,Teran Deklić 🍷,Dalmatian pašticada (braised beef) à la Deveron with gnocchi,,Dalmatinische Pašticada (Schmorbraten) à la Deveron mit Gnocchi,,Pašticada dalmata (brasato di manzo) alla Deveron con gnocchi,,Pašticada dalmate (bœuf braisé) à la Deveron avec gnocchis,,Pašticada dálmata (estofado de ternera) a la Deveron con ñoquis,,Pašticada dálmata (carne estufada) à Deveron com gnocchi,,Dalmatische pašticada (gestoofd rundvlees) à la Deveron met gnocchi,,Dalmatyńska pašticada (duszona wołowina) à la Deveron z kopytkami,,Далматинская паштицада (тушёная говядина) по-деверонски с ньокки,,"Dalmát pašticada (párolt marhahús) Deveron módra, gnocchival",,Dalmatská pašticada (dušené hovězí) à la Deveron s noky,,Dalmátska pašticada (dusené hovädzie) à la Deveron s haluškami,,Dalmatinska pašticada à la Deveron z njoki,,Далматинська паштицада (тушкована яловичина) по-деверонськи з ньокі,,Pašticada dalmată (vită înăbușită) à la Deveron cu gnocchi,,
Specijaliteti,,Gulaš od lošinjsko-creske divljači,,,"21,00","21,00",,DA,DA,Syrah Korlat 🍷,Lošinj-Cres game goulash,,Gulasch vom Wild aus Lošinj und Cres,,Gulasch di selvaggina di Lussino e Cherso,,Goulash de gibier de Lošinj et Cres,,Gulash de caza de Lošinj y Cres,,Goulash de caça de Lošinj e Cres,,Goulash van wild uit Lošinj en Cres,,Gulasz z dziczyzny z Lošinja i Cres,,Гуляш из дичи с островов Лошинь и Црес,,Lošinji-cresi vadpörkölt,,Guláš ze zvěřiny z Lošinje a Cresu,,Guláš zo zveriny z Lošinja a Cresu,,Golaž iz lošinjsko-creške divjačine,,Гуляш з дичини з островів Лошинь і Црес,,Gulaș de vânat din Lošinj și Cres,,
Specijaliteti,,Ražnjić Deveron / aromatizirani krumpir / sotirano povrće,,,"27,00","27,00",,DA,DA,Merlot Korlat 🍷,Deveron skewer / seasoned potatoes / sautéed vegetables,,Deveron-Spieß / gewürzte Kartoffeln / sautiertes Gemüse,,Spiedino Deveron / patate aromatizzate / verdure saltate,,Brochette Deveron / pommes de terre aromatisées / légumes sautés,,Brocheta Deveron / patatas aromatizadas / verduras salteadas,,Espetada Deveron / batatas aromatizadas / legumes salteados,,Deveron-spies / gekruide aardappelen / gebakken groenten,,Szaszłyk Deveron / aromatyczne ziemniaki / smażone warzywa,,Шашлычок Deveron / ароматный картофель / соте из овощей,,Deveron nyárs / fűszeres burgonya / pirított zöldségek,,Špíz Deveron / kořeněné brambory / restovaná zelenina,,Špíz Deveron / korenené zemiaky / restovaná zelenina,,Nabodalo Deveron / aromatiziran krompir / pražena zelenjava,,Шашлик Deveron / ароматна картопля / соте з овочів,,Frigăruie Deveron / cartofi aromați / legume sotate,,raznjic-deveron.jpg
Specijaliteti,,"Mesni pladanj Deveron (ćevapi, pljeskavica, kobasica, ražnjić, batak i zabatak, pileća prsa), pomfrit + đuveč",,,"64,00","64,00",,DA,DA,Čaruga Apolitico 🍷,"Deveron meat platter (ćevapi, pljeskavica, sausage, skewer, chicken leg, chicken breast), fries + đuveč rice",,"Deveron-Fleischplatte (Ćevapi, Pljeskavica, Wurst, Spieß, Hähnchenkeule, Hähnchenbrust), Pommes + Đuveč-Reis",,"Tagliere di carne Deveron (ćevapi, pljeskavica, salsiccia, spiedino, coscia e petto di pollo), patatine + riso đuveč",,"Plateau de viandes Deveron (ćevapi, pljeskavica, saucisse, brochette, cuisse et blanc de poulet), frites + riz đuveč",,"Tabla de carnes Deveron (ćevapi, pljeskavica, salchicha, brocheta, muslo y pechuga de pollo), patatas fritas + arroz đuveč",,"Tábua de carnes Deveron (ćevapi, pljeskavica, salsicha, espetada, perna e peito de frango), batatas fritas + arroz đuveč",,"Vleesplateau Deveron (ćevapi, pljeskavica, worst, spies, kippenbout, kipfilet), friet + đuveč-rijst",,"Półmisek mięsny Deveron (ćevapi, pljeskavica, kiełbasa, szaszłyk, udko, pierś z kurczaka), frytki + ryż đuveč",,"Мясное ассорти Deveron (чевапи, плескавица, колбаска, шашлычок, куриная ножка, куриная грудка), картофель фри + джувеч",,"Deveron hústál (ćevapi, pljeskavica, kolbász, nyárs, csirkecomb, csirkemell), hasábburgonya + đuveč",,"Masový talíř Deveron (ćevapi, pljeskavica, klobása, špíz, kuřecí stehno, kuřecí prsa), hranolky + đuveč",,"Mäsová misa Deveron (ćevapi, pljeskavica, klobása, špíz, kuracie stehno, kuracie prsia), hranolčeky + đuveč",,"Mesni krožnik Deveron (čevapčiči, pleskavica, klobasa, nabodalo, piščančje bedro, piščančje prsi), pomfri + đuveč",,"Мʼясне асорті Deveron (чевапі, плескавиця, ковбаска, шашлик, куряча ніжка, куряче філе), картопля фрі + джувеч",,"Platou de carne Deveron (ćevapi, pljeskavica, cârnat, frigăruie, pulpă și piept de pui), cartofi prăjiți + đuveč",,
Specijaliteti,,"Riblja plata za 2 osobe (orada, brancin, lignje, škampi, kozice, dagnje, tuna) + blitva",,,"64,00","64,00",,DA,DA,Matuško Grk 🥂,"Fish platter for 2 (gilt-head bream, sea bass, squid, scampi, prawns, mussels, tuna) + Swiss chard",,"Fischplatte für 2 Personen (Dorade, Wolfsbarsch, Tintenfisch, Scampi, Garnelen, Miesmuscheln, Thunfisch) + Mangold",,"Piatto di pesce per 2 (orata, branzino, calamari, scampi, gamberi, cozze, tonno) + bietola",,"Plateau de poisson pour 2 (dorade, bar, calamars, langoustines, crevettes, moules, thon) + blettes",,"Parrillada de pescado para 2 (dorada, lubina, calamares, cigalas, gambas, mejillones, atún) + acelgas",,"Travessa de peixe para 2 (dourada, robalo, lulas, lagostins, camarão, mexilhões, atum) + acelga",,"Visplateau voor 2 (dorade, zeebaars, inktvis, langoustines, garnalen, mosselen, tonijn) + snijbiet",,"Półmisek rybny dla 2 osób (dorada, labraks, kalmary, langustynki, krewetki, małże, tuńczyk) + boćwina",,"Рыбное ассорти на 2 персоны (дорадо, сибас, кальмары, лангустины, креветки, мидии, тунец) + мангольд",,"Haltál 2 személyre (aranydurbincs, tengeri sügér, tintahal, scampi, garnéla, kagyló, tonhal) + mángold",,"Rybí mísa pro 2 osoby (pražma, mořčák, kalamáry, humrík, krevety, slávky, tuňák) + mangold",,"Rybia misa pre 2 osoby (pražma, morský ostriež, kalamáre, homárik, krevety, slávky, tuniak) + mangold",,"Ribji krožnik za 2 osebi (orada, brancin, lignji, škampi, kozice, klapavice, tuna) + blitva",,"Рибне асорті на 2 особи (дорадо, сибас, кальмари, лангустини, креветки, мідії, тунець) + мангольд",,"Platou de pește pentru 2 (doradă, lup de mare, calamar, scampi, creveți, midii, ton) + mangold",,
Specijaliteti,,"Buzara za 2 osobe (škampi, dagnje, kozice, jakobove kapice, vongole, pljukanci)",,,"64,00","64,00",,DA,DA,Maestoso Sur Lie 🥂,"Buzara for 2 (scampi, mussels, prawns, scallops, clams, pljukanci pasta)",,"Buzara für 2 Personen (Scampi, Miesmuscheln, Garnelen, Jakobsmuscheln, Venusmuscheln, Pljukanci-Nudeln)",,"Busara per 2 (scampi, cozze, gamberi, capesante, vongole, pasta pljukanci)",,"Buzara pour 2 (langoustines, moules, crevettes, Saint-Jacques, palourdes, pâtes pljukanci)",,"Buzara para 2 (cigalas, mejillones, gambas, vieiras, almejas, pasta pljukanci)",,"Buzara para 2 (lagostins, mexilhões, camarão, vieiras, amêijoas, massa pljukanci)",,"Buzara voor 2 (langoustines, mosselen, garnalen, sint-jakobsschelpen, venusschelpen, pljukanci-pasta)",,"Buzara dla 2 osób (langustynki, małże, krewetki, przegrzebki, wongole, makaron pljukanci)",,"Бузара на 2 персоны (лангустины, мидии, креветки, морские гребешки, вонголе, паста плюканци)",,"Buzara 2 személyre (scampi, kagyló, garnéla, fésűkagyló, vongole, pljukanci tészta)",,"Buzara pro 2 osoby (humrík, slávky, krevety, hřebenatky, vongole, těstoviny pljukanci)",,"Buzara pre 2 osoby (homárik, slávky, krevety, hrebenatky, vongole, cestoviny pljukanci)",,"Buzara za 2 osebi (škampi, klapavice, kozice, pokrovače, vongole, pljukanci)",,"Бузара на 2 особи (лангустини, мідії, креветки, морські гребінці, вонголе, паста плюканці)",,"Buzara pentru 2 (scampi, midii, creveți, scoici Saint-Jacques, vongole, paste pljukanci)",,buzara.jpg
Doručak,Doručak 🥐,Kroasan,,,"3,50","3,50",,DA,DA,,Croissant,,Croissant,,Cornetto,,Croissant,,Cruasán,,Croissant,,Croissant,,Croissant,,Круассан,,Croissant,,Croissant,,Croissant,,Rogljiček,,Круасан,,Croissant,,
Doručak,Doručak 🥐,Tost,,,"5,00","5,00",,DA,DA,,Toast,,Toast,,Toast,,Croque (toast),,Tostada,,Tosta mista,,Tosti,,Tost,,Тост,,Melegszendvics,,Toast,,Toast,,Toast,,Тост,,Toast,,
Doručak,Doručak 🥐,Jaja sa slaninom,,,"8,50","8,50",,DA,DA,,Bacon and eggs,,Eier mit Speck,,Uova e pancetta,,Œufs au bacon,,Huevos con beicon,,Ovos com bacon,,Eieren met spek,,Jajka na bekonie,,Яичница с беконом,,Tojás szalonnával,,Vejce se slaninou,,Vajcia so slaninou,,Jajca s slanino,,Яєчня з беконом,,Ouă cu bacon,,
Doručak,Doručak 🥐,"Doručak (šunka, sir, maslac, marmelada)",,,"7,50","7,50",,DA,DA,,"Breakfast (ham, cheese, butter, jam)",,"Frühstück (Schinken, Käse, Butter, Marmelade)",,"Colazione (prosciutto cotto, formaggio, burro, marmellata)",,"Petit-déjeuner (jambon, fromage, beurre, confiture)",,"Desayuno (jamón, queso, mantequilla, mermelada)",,"Pequeno-almoço (fiambre, queijo, manteiga, compota)",,"Ontbijt (ham, kaas, boter, jam)",,"Śniadanie (szynka, ser, masło, dżem)",,"Завтрак (ветчина, сыр, масло, джем)",,"Reggeli (sonka, sajt, vaj, lekvár)",,"Snídaně (šunka, sýr, máslo, marmeláda)",,"Raňajky (šunka, syr, maslo, džem)",,"Zajtrk (šunka, sir, maslo, marmelada)",,"Сніданок (шинка, сир, масло, джем)",,"Mic dejun (șuncă, brânză, unt, gem)",,
Doručak,Doručak 🥐,Granola (musli s jogurtom),,,"6,50","6,50",,DA,DA,,Granola (muesli with yogurt),,Granola (Müsli mit Joghurt),,Granola (muesli con yogurt),,Granola (muesli au yaourt),,Granola (muesli con yogur),,Granola (muesli com iogurte),,Granola (muesli met yoghurt),,Granola (musli z jogurtem),,Гранола (мюсли с йогуртом),,Granola (müzli joghurttal),,Granola (müsli s jogurtem),,Granola (müsli s jogurtom),,Granola (muesli z jogurtom),,Гранола (мюслі з йогуртом),,Granola (musli cu iaurt),,
Doručak,Doručak 🥐,Jaja sa šunkom,,,"7,50","7,50",,DA,DA,,Ham and eggs,,Eier mit Schinken,,Uova e prosciutto cotto,,Œufs au jambon,,Huevos con jamón,,Ovos com fiambre,,Eieren met ham,,Jajka z szynką,,Яичница с ветчиной,,Tojás sonkával,,Vejce se šunkou,,Vajcia so šunkou,,Jajca s šunko,,Яєчня з шинкою,,Ouă cu șuncă,,
Doručak,Doručak 🥐,Omlet od tri jaja,,,"7,50","7,50",,DA,DA,,Three-egg omelette,,Omelett aus drei Eiern,,Omelette di tre uova,,Omelette de trois œufs,,Tortilla de tres huevos,,Omelete de três ovos,,Omelet van drie eieren,,Omlet z trzech jajek,,Омлет из трёх яиц,,Háromtojásos omlett,,Omeleta ze tří vajec,,Omeleta z troch vajec,,Omleta iz treh jajc,,Омлет із трьох яєць,,Omletă din trei ouă,,
Doručak,Doručak 🥐,Omlet sa sirom,,,"8,00","8,00",,DA,DA,,Cheese omelette,,Käseomelett,,Omelette al formaggio,,Omelette au fromage,,Tortilla de queso,,Omelete de queijo,,Kaasomelet,,Omlet z serem,,Омлет с сыром,,Sajtos omlett,,Sýrová omeleta,,Syrová omeleta,,Omleta s sirom,,Омлет із сиром,,Omletă cu brânză,,
Doručak,Doručak 🥐,Omlet s povrćem,,,"8,00","8,00",,DA,DA,,Vegetable omelette,,Gemüseomelett,,Omelette di verdure,,Omelette aux légumes,,Tortilla de verduras,,Omelete de legumes,,Groenteomelet,,Omlet z warzywami,,Омлет с овощами,,Zöldséges omlett,,Zeleninová omeleta,,Zeleninová omeleta,,Omleta z zelenjavo,,Омлет з овочами,,Omletă cu legume,,
Doručak,Doručak 🥐,Club sendvič,,,"9,00","9,00",,DA,DA,,Club sandwich,,Club-Sandwich,,Club sandwich,,Club sandwich,,Sándwich club,,Sanduíche club,,Clubsandwich,,Club sandwich,,Клаб-сэндвич,,Club szendvics,,Club sendvič,,Club sendvič,,Club sendvič,,Клаб-сендвіч,,Club sandwich,,
Doručak,Pića za doručak 🥤,Svježe cijeđeni sok od naranče,,"0,10 l","2,50","2,50",,DA,DA,,Fresh orange juice,,Frisch gepresster Orangensaft,,Spremuta d'arancia,,Jus d'orange pressé,,Zumo de naranja natural,,Sumo de laranja natural,,Vers geperste sinaasappelsap,,Świeżo wyciskany sok pomarańczowy,,Свежевыжатый апельсиновый сок,,Frissen facsart narancslé,,Čerstvě vymačkaný pomerančový džus,,Čerstvo vytlačený pomarančový džús,,Sveže stisnjen pomarančni sok,,Свіжовичавлений апельсиновий сік,,Suc proaspăt de portocale,,
Doručak,Pića za doručak 🥤,Svježa limunada,,"0,30 l","4,00","4,00",,DA,DA,,Fresh lemonade,,Frische Limonade,,Limonata fresca,,Citronnade maison,,Limonada natural,,Limonada fresca,,Verse limonade,,Świeża lemoniada,,Свежий лимонад,,Friss limonádé,,Čerstvá limonáda,,Čerstvá limonáda,,Sveža limonada,,Свіжий лимонад,,Limonadă proaspătă,,
Doručak,Pića za doručak 🥤,Limunada s jagodom,,"0,40 l","6,00","6,00",,DA,DA,,Strawberry lemonade,,Erdbeerlimonade,,Limonata alla fragola,,Citronnade à la fraise,,Limonada de fresa,,Limonada de morango,,Aardbeienlimonade,,Lemoniada truskawkowa,,Клубничный лимонад,,Epres limonádé,,Jahodová limonáda,,Jahodová limonáda,,Jagodna limonada,,Полуничний лимонад,,Limonadă cu căpșuni,,
Doručak,Pića za doručak 🥤,Limunada s mangom,,"0,40 l","6,00","6,00",,DA,DA,,Mango lemonade,,Mango-Limonade,,Limonata al mango,,Citronnade à la mangue,,Limonada de mango,,Limonada de manga,,Mangolimonade,,Lemoniada mango,,Лимонад с манго,,Mangós limonádé,,Mangová limonáda,,Mangová limonáda,,Limonada z mangom,,Лимонад з манго,,Limonadă cu mango,,
Doručak,Pića za doručak 🥤,Limunada s breskvom,,"0,40 l","6,00","6,00",,DA,DA,,Peach lemonade,,Pfirsichlimonade,,Limonata alla pesca,,Citronnade à la pêche,,Limonada de melocotón,,Limonada de pêssego,,Perziklimonade,,Lemoniada brzoskwiniowa,,Персиковый лимонад,,Barackos limonádé,,Broskvová limonáda,,Broskyňová limonáda,,Breskova limonada,,Персиковий лимонад,,Limonadă cu piersici,,
Doručak,Pića za doručak 🥤,Limunada s mentom,,"0,40 l","6,00","6,00",,DA,DA,,Mint lemonade,,Minzlimonade,,Limonata alla menta,,Citronnade à la menthe,,Limonada de menta,,Limonada de hortelã,,Muntlimonade,,Lemoniada miętowa,,Мятный лимонад,,Mentás limonádé,,Mátová limonáda,,Mätová limonáda,,Metina limonada,,Мʼятний лимонад,,Limonadă cu mentă,,
Doručak,Pića za doručak 🥤,Domaći ledeni čaj,,"0,40 l","6,00","6,00",,DA,DA,,Homemade iced tea,,Hausgemachter Eistee,,Tè freddo fatto in casa,,Thé glacé maison,,Té helado casero,,Chá gelado caseiro,,Huisgemaakte ijsthee,,Domowa mrożona herbata,,Домашний холодный чай,,Házi jeges tea,,Domácí ledový čaj,,Domáci ľadový čaj,,Domači ledeni čaj,,Домашній холодний чай,,Ceai rece de casă,,
Doručak,Pića za doručak 🥤,Mimosa (prosecco + svježi sok od naranče),,,"8,50","8,50",,DA,DA,,Mimosa (prosecco + fresh orange juice),,Mimosa (Prosecco + frischer Orangensaft),,Mimosa (prosecco + spremuta d'arancia),,Mimosa (prosecco + jus d'orange pressé),,Mimosa (prosecco + zumo de naranja natural),,Mimosa (prosecco + sumo de laranja natural),,Mimosa (prosecco + verse sinaasappelsap),,Mimosa (prosecco + świeży sok pomarańczowy),,Мимоза (просекко + свежий апельсиновый сок),,Mimosa (prosecco + friss narancslé),,Mimosa (prosecco + čerstvý pomerančový džus),,Mimosa (prosecco + čerstvý pomarančový džús),,Mimosa (prosecco + sveži pomarančni sok),,Мімоза (просеко + свіжий апельсиновий сік),,Mimosa (prosecco + suc proaspăt de portocale),,
Doručak,Smoothie i frappe 🥤,Smoothie od jagode,,"0,4 l","6,00","6,00",,DA,DA,,Strawberry smoothie,,Erdbeer-Smoothie,,Smoothie alla fragola,,Smoothie à la fraise,,Smoothie de fresa,,Smoothie de morango,,Aardbeiensmoothie,,Smoothie truskawkowe,,Клубничный смузи,,Epres smoothie,,Jahodové smoothie,,Jahodové smoothie,,Jagodni smoothie,,Полуничний смузі,,Smoothie de căpșuni,,
Doručak,Smoothie i frappe 🥤,Smoothie kokos-mango,,"0,4 l","6,00","6,00",,DA,DA,,Coconut-mango smoothie,,Kokos-Mango-Smoothie,,Smoothie cocco-mango,,Smoothie coco-mangue,,Smoothie de coco y mango,,Smoothie de coco e manga,,Kokos-mangosmoothie,,Smoothie kokos-mango,,Смузи кокос-манго,,Kókusz-mangó smoothie,,Smoothie kokos-mango,,Smoothie kokos-mango,,Smoothie kokos-mango,,Смузі кокос-манго,,Smoothie cocos-mango,,
Doručak,Smoothie i frappe 🥤,Smoothie mango-marakuja,,"0,4 l","6,00","6,00",,DA,DA,,Mango-passion fruit smoothie,,Mango-Maracuja-Smoothie,,Smoothie mango-maracuja,,Smoothie mangue-passion,,Smoothie de mango y maracuyá,,Smoothie de manga e maracujá,,Mango-passievruchtsmoothie,,Smoothie mango-marakuja,,Смузи манго-маракуйя,,Mangó-maracuja smoothie,,Smoothie mango-maracuja,,Smoothie mango-marakuja,,Smoothie mango-marakuja,,Смузі манго-маракуя,,Smoothie mango-fructul pasiunii,,
Doručak,Smoothie i frappe 🥤,Frappe čokolada-višnja,,"0,4 l","6,00","6,00",,DA,DA,,Chocolate-cherry frappé,,Frappé Schoko-Kirsche,,Frappè cioccolato e ciliegia,,Frappé chocolat-cerise,,Frappé de chocolate y cereza,,Frappé de chocolate e cereja,,Frappé chocolade-kers,,Frappe czekolada-wiśnia,,Фраппе шоколад-вишня,,Csokoládés-meggyes frappé,,Frappé čokoláda-višeň,,Frappé čokoláda-višňa,,Frappe čokolada-višnja,,Фрапе шоколад-вишня,,Frappé ciocolată-vișine,,
Doručak,Smoothie i frappe 🥤,Frappe breskva-jogurt,,"0,4 l","6,00","6,00",,DA,DA,,Peach-yogurt frappé,,Frappé Pfirsich-Joghurt,,Frappè pesca e yogurt,,Frappé pêche-yaourt,,Frappé de melocotón y yogur,,Frappé de pêssego e iogurte,,Frappé perzik-yoghurt,,Frappe brzoskwinia-jogurt,,Фраппе персик-йогурт,,Barackos-joghurtos frappé,,Frappé broskev-jogurt,,Frappé broskyňa-jogurt,,Frappe breskev-jogurt,,Фрапе персик-йогурт,,Frappé piersică-iaurt,,
Doručak,Smoothie i frappe 🥤,Frappe jagoda-vanilija,,"0,4 l","6,00","6,00",,DA,DA,,Strawberry-vanilla frappé,,Frappé Erdbeer-Vanille,,Frappè fragola e vaniglia,,Frappé fraise-vanille,,Frappé de fresa y vainilla,,Frappé de morango e baunilha,,Frappé aardbei-vanille,,Frappe truskawka-wanilia,,Фраппе клубника-ваниль,,Epres-vaníliás frappé,,Frappé jahoda-vanilka,,Frappé jahoda-vanilka,,Frappe jagoda-vanilija,,Фрапе полуниця-ваніль,,Frappé căpșuni-vanilie,,
Pića,Aperitivi 🥂,Aperol Spritz (bez alkohola),,"0,4 L","7,00","7,00",,DA,DA,,Aperol Spritz (non-alcoholic),,Aperol Spritz (alkoholfrei),,Aperol Spritz (analcolico),,Aperol Spritz (sans alcool),,Aperol Spritz (sin alcohol),,Aperol Spritz (sem álcool),,Aperol Spritz (alcoholvrij),,Aperol Spritz (bezalkoholowy),,Апероль Шприц (безалкогольный),,Aperol Spritz (alkoholmentes),,Aperol Spritz (nealkoholický),,Aperol Spritz (nealkoholický),,Aperol Spritz (brezalkoholni),,Апероль Шприц (безалкогольний),,Aperol Spritz (fără alcool),,
Pića,Aperitivi 🥂,Aperol Spritz,,"0,4 L","8,00","8,00",,DA,DA,,,,,,,,,,,,,,,,,,,,,,,,,,,,,,,,
Pića,Aperitivi 🥂,HUGO Spritz,,"0,4 L","8,00","8,00",,DA,DA,,,,,,,,,,,,,,,,,,,,,,,,,,,,,,,,
Pića,Aperitivi 🥂,Campari Spritz,,"0,4 L","8,00","8,00",,DA,DA,,,,,,,,,,,,,,,,,,,,,,,,,,,,,,,,
Pića,Aperitivi 🥂,Strawberry Spritz,,"0,4 L","8,00","8,00",,DA,DA,,,,,,,,,,,,,,,,,,,,,,,,,,,,,,,,
Pića,Aperitivi 🥂,Teranino Spritz,,"0,4 L","8,00","8,00",,DA,DA,,,,,,,,,,,,,,,,,,,,,,,,,,,,,,,,
Pića,Aperitivi 🥂,Belini,,"0,25 L","8,50","8,50",,DA,DA,,,,,,,,,,,,,,,,,,,,,,,,,,,,,,,,
Pića,Aperitivi 🥂,Mimosa,,"0,25 L","8,50","8,50",,DA,DA,,,,,,,,,,,,,,,,,,,,,,,,,,,,,,,,
Pića,Gin & Tonic 🍋,Deveron GT,"Brokers gin, premium tonic, garden herbs","0,4 L","11,00","11,00",,DA,DA,,,,,,,,,,,,,,,,,,,,,,,,,,,,,,,,
Pića,Gin & Tonic 🍋,Augusta GT,"Brokers gin, premium tonic, blueberries, mint","0,4 L","11,00","11,00",,DA,DA,,,,,,,,,,,,,,,,,,,,,,,,,,,,,,,,
Pića,Gin & Tonic 🍋,Monte Baston GT,"Brokers gin, premium tonic, thyme, lime peel","0,4 L","10,00","10,00",,DA,DA,,,,,,,,,,,,,,,,,,,,,,,,,,,,,,,,
Pića,Gin & Tonic 🍋,Golden Bay GT,"Citadelle gin, strawberry syrup, lime peel","0,4 L","12,00","12,00",,DA,DA,,,,,,,,,,,,,,,,,,,,,,,,,,,,,,,,
Pića,Gin & Tonic 🍋,Pink Panter GT,"Hendricks gin, watermelon syrup, cloves","0,4 L","12,00","12,00",,DA,DA,,,,,,,,,,,,,,,,,,,,,,,,,,,,,,,,
Pića,Gin & Tonic 🍋,Old School Hendricks GT,"Hendricks gin, lemongrass, cucumbers","0,4 L","12,00","12,00",,DA,DA,,,,,,,,,,,,,,,,,,,,,,,,,,,,,,,,
Pića,Kokteli 🍹,Pina Colada,"coconut cream, pineapple juice, white rum","0,33 L","9,00","9,00",,DA,DA,,,,,,,,,,,,,,,,,,,,,,,,,,,,,,,,
Pića,Kokteli 🍹,Blue Hawaii,"banana liqueur, blue curaçao, orange juice","0,33 L","8,00","8,00",,DA,DA,,,,,,,,,,,,,,,,,,,,,,,,,,,,,,,,
Pića,Kokteli 🍹,Mai Tai,"dark rum, white rum, pineapple juice","0,33 L","10,00","10,00",,DA,DA,,,,,,,,,,,,,,,,,,,,,,,,,,,,,,,,
Pića,Kokteli 🍹,Mojito,"white rum, brown sugar, fresh mint, soda","0,33 L","8,00","8,00",,DA,DA,,,,,,,,,,,,,,,,,,,,,,,,,,,,,,,,
Pića,Kokteli 🍹,Caipirinha,"cachaça, brown sugar, fresh lime","0,25 L","8,00","8,00",,DA,DA,,,,,,,,,,,,,,,,,,,,,,,,,,,,,,,,
Pića,Kokteli 🍹,Daiquiri,"rum, lime juice, sugar","0,15 L","9,00","9,00",,DA,DA,,,,,,,,,,,,,,,,,,,,,,,,,,,,,,,,
Pića,Kokteli 🍹,Long Lošinj Ice Tea,"vodka, gin, rum, tequila, lemon juice, cola","0,33 L","10,00","10,00",,DA,DA,,,,,,,,,,,,,,,,,,,,,,,,,,,,,,,,
Pića,Kokteli 🍹,Blue Lošinj,"vodka, pineapple juice, blue curaçao","0,33 L","9,00","9,00",,DA,DA,,,,,,,,,,,,,,,,,,,,,,,,,,,,,,,,
Pića,Kokteli 🍹,"""Lošinj"" Mule","vodka, lime juice, ginger beer","0,25 L","9,00","9,00",,DA,DA,,,,,,,,,,,,,,,,,,,,,,,,,,,,,,,,
Pića,Kokteli 🍹,Negroni,"gin, campari, vermouth","0,25 L","9,00","9,00",,DA,DA,,,,,,,,,,,,,,,,,,,,,,,,,,,,,,,,
Pića,Kokteli 🍹,Tom Collins,"gin, sugar, lime juice, soda","0,33 L","9,00","9,00",,DA,DA,,,,,,,,,,,,,,,,,,,,,,,,,,,,,,,,
Pića,Žestoka pića 🥃,Brookers / Citadelle / Hendricks Gin,,"0,03 L","4,00–6,00","4,00–6,00",,DA,DA,,,,,,,,,,,,,,,,,,,,,,,,,,,,,,,,
Pića,Žestoka pića 🥃,Beluga / Grey Goose / Belvedere,,"0,03 L","6,00","6,00",,DA,DA,,,,,,,,,,,,,,,,,,,,,,,,,,,,,,,,
Pića,Žestoka pića 🥃,Jack Daniel's / Jameson / Chivas 12,,"0,03 L","6,00","6,00",,DA,DA,,,,,,,,,,,,,,,,,,,,,,,,,,,,,,,,
Pića,Žestoka pića 🥃,Glenfiddich 12 / 15,,"0,03 L","7,00–8,00","7,00–8,00",,DA,DA,,,,,,,,,,,,,,,,,,,,,,,,,,,,,,,,
Pića,Žestoka pića 🥃,Rum Plantation XO / Millonario XO,,"0,03 L","8,00–12,00","8,00–12,00",,DA,DA,,,,,,,,,,,,,,,,,,,,,,,,,,,,,,,,
Pića,Žestoka pića 🥃,El Mayor Tequila Anejo,,"0,03 L","7,00","7,00",,DA,DA,,,,,,,,,,,,,,,,,,,,,,,,,,,,,,,,
Pića,Domaći likeri 🌿,Lozovača / Travarica,,"0,03 L","3,00","3,00",,DA,DA,,,,,,,,,,,,,,,,,,,,,,,,,,,,,,,,
Pića,Domaći likeri 🌿,Šljivovica / Medica / Biska,,"0,03 L","3,00–4,00","3,00–4,00",,DA,DA,,,,,,,,,,,,,,,,,,,,,,,,,,,,,,,,
Pića,Domaći likeri 🌿,Smokvica / Teranino / Orahovac,,"0,03 L","3,00–4,00","3,00–4,00",,DA,DA,,,,,,,,,,,,,,,,,,,,,,,,,,,,,,,,
Pića,Domaći likeri 🌿,Pelinkovac Antique / Istra Bitter,,"0,03 L","3,00–4,00","3,00–4,00",,DA,DA,,,,,,,,,,,,,,,,,,,,,,,,,,,,,,,,
Pića,Pivo 🍺,Točeno pivo — žirafa,,"3,00 L","28,00","28,00",,DA,DA,,Draught beer — beer tower,,Fassbier — Bierturm,,Birra alla spina — giraffa,,Bière pression — girafe,,Cerveza de barril — jirafa,,Cerveja de pressão — girafa,,Tapbier — biertoren,,Piwo z beczki — wieża,,Разливное пиво — пивная башня,,Csapolt sör — sörtorony,,Točené pivo — pivní věž,,Čapované pivo — pivná veža,,Točeno pivo — žirafa,,Розливне пиво — пивна вежа,,Bere la halbă — turn de bere,,
Pića,Pivo 🍺,Točeno pivo,,"0,50 L","4,70","4,70",,DA,DA,,Draught beer,,Fassbier,,Birra alla spina,,Bière pression,,Cerveza de barril,,Cerveja de pressão,,Tapbier,,Piwo z beczki,,Разливное пиво,,Csapolt sör,,Točené pivo,,Čapované pivo,,Točeno pivo,,Розливне пиво,,Bere la halbă,,
Pića,Pivo 🍺,Stella / Heineken / Corona,,"0,33 L","4,00–5,00","4,00–5,00",,DA,DA,,,,,,,,,,,,,,,,,,,,,,,,,,,,,,,,
Pića,Pivo 🍺,Leffe Blonde / Brune,,"0,33 L","5,00","5,00",,DA,DA,,,,,,,,,,,,,,,,,,,,,,,,,,,,,,,,
Pića,Pivo 🍺,Franziskaner / Grif Pale Ale,,"0,50 L","6,00","6,00",,DA,DA,,,,,,,,,,,,,,,,,,,,,,,,,,,,,,,,
Pića,Pivo 🍺,Cider jabuka / malina,,"0,33 L","4,00","4,00",,DA,DA,,Cider apple / raspberry,,Cider Apfel / Himbeere,,Sidro mela / lampone,,Cidre pomme / framboise,,Sidra manzana / frambuesa,,Sidra maçã / framboesa,,Cider appel / framboos,,Cydr jabłkowy / malinowy,,Сидр яблочный / малиновый,,Cider alma / málna,,Cider jablko / malina,,Cider jablko / malina,,Jabolčnik jabolko / malina,,Сидр яблучний / малиновий,,Cidru mere / zmeură,,
Pića,Pivo 🍺,"Ožujsko Cool 0,0%",,"0,50 L","4,00","4,00",,DA,DA,,,,,,,,,,,,,,,,,,,,,,,,,,,,,,,,
Pića,Bezalkoholna pića 🥤,Coca Cola / Zero / Sprite / Fanta,,"0,25 L","4,00","4,00",,DA,DA,,,,,,,,,,,,,,,,,,,,,,,,,,,,,,,,
Pića,Bezalkoholna pića 🥤,Tonic Water Schweppes / Imperdibile,,"0,25 L","4,00","4,00",,DA,DA,,,,,,,,,,,,,,,,,,,,,,,,,,,,,,,,
Pića,Bezalkoholna pića 🥤,Fevertree Ginger Beer,,"0,25 L","5,00","5,00",,DA,DA,,,,,,,,,,,,,,,,,,,,,,,,,,,,,,,,
Pića,Bezalkoholna pića 🥤,Red Bull,,"0,33 L","7,00","7,00",,DA,DA,,,,,,,,,,,,,,,,,,,,,,,,,,,,,,,,
Pića,Bezalkoholna pića 🥤,Voda Jana,,"0,33–0,75 L","3,00–6,00","3,00–6,00",,DA,DA,,Jana water,,Jana Wasser,,Acqua Jana,,Eau Jana,,Agua Jana,,Água Jana,,Jana water,,Woda Jana,,Вода Jana,,Jana víz,,Voda Jana,,Voda Jana,,Voda Jana,,Вода Jana,,Apă Jana,,
Pića,Bezalkoholna pića 🥤,Limunada / s jagodom / mangom / breskvom,,"0,4 L","4,00–7,00","4,00–7,00",,DA,DA,,Lemonade / strawberry / mango / peach,,Limonade / Erdbeere / Mango / Pfirsich,,Limonata / fragola / mango / pesca,,Citronnade / fraise / mangue / pêche,,Limonada / fresa / mango / melocotón,,Limonada / morango / manga / pêssego,,Limonade / aardbei / mango / perzik,,Lemoniada / truskawka / mango / brzoskwinia,,Лимонад / клубника / манго / персик,,Limonádé / eper / mangó / barack,,Limonáda / jahoda / mango / broskev,,Limonáda / jahoda / mango / broskyňa,,Limonada / jagoda / mango / breskev,,Лимонад / полуниця / манго / персик,,Limonadă / căpșuni / mango / piersici,,
Pića,Bezalkoholna pića 🥤,Smoothie jagoda / kokos-mango / mango-marakuja,,"0,4 L","6,00","6,00",,DA,DA,,Smoothie strawberry / coconut-mango / mango-passion fruit,,Smoothie Erdbeere / Kokos-Mango / Mango-Maracuja,,Smoothie fragola / cocco-mango / mango-maracuja,,Smoothie fraise / coco-mangue / mangue-passion,,Smoothie fresa / coco-mango / mango-maracuyá,,Smoothie morango / coco-manga / manga-maracujá,,Smoothie aardbei / kokos-mango / mango-passievrucht,,Smoothie truskawka / kokos-mango / mango-marakuja,,Смузи клубника / кокос-манго / манго-маракуйя,,Smoothie eper / kókusz-mangó / mangó-maracuja,,Smoothie jahoda / kokos-mango / mango-maracuja,,Smoothie jahoda / kokos-mango / mango-marakuja,,Smoothie jagoda / kokos-mango / mango-marakuja,,Смузі полуниця / кокос-манго / манго-маракуя,,Smoothie căpșuni / cocos-mango / mango-fructul pasiunii,,
Pića,Kava i topli napitci ☕,Espresso,,šalica,"2,50","2,50",,DA,DA,,,,,,,,,,,,,,,,,,,,,,,,,,,,,,,,
Pića,Kava i topli napitci ☕,Macchiato / Cappucino / Latte Macchiato,,šalica,"3,00–5,00","3,00–5,00",,DA,DA,,,,,,,,,,,,,,,,,,,,,,,,,,,,,,,,
Pića,Kava i topli napitci ☕,Bijela kava / Caffe latte,,šalica,"4,00","4,00",,DA,DA,,Coffee with milk / Caffe latte,,Milchkaffee / Caffe Latte,,Caffè con latte / Caffè latte,,Café au lait / Caffe latte,,Café con leche / Caffe latte,,Café com leite / Caffe latte,,Koffie verkeerd / Caffe latte,,Kawa z mlekiem / Caffe latte,,Кофе с молоком / Латте,,Tejeskávé / Caffe latte,,Bílá káva / Caffe latte,,Biela káva / Caffe latte,,Bela kava / Caffe latte,,Кава з молоком / Лате,,Cafea cu lapte / Caffe latte,,
Pića,Kava i topli napitci ☕,Irish Coffee,,šalica,"8,00","8,00",,DA,DA,,,,,,,,,,,,,,,,,,,,,,,,,,,,,,,,
Pića,Kava i topli napitci ☕,Ice Coffee,,šalica,"6,00","6,00",,DA,DA,,,,,,,,,,,,,,,,,,,,,,,,,,,,,,,,
Pića,Kava i topli napitci ☕,Čaj / Kakao,,šalica,"2,50","2,50",,DA,DA,,Tea / Hot chocolate,,Tee / Kakao,,Tè / Cioccolata calda,,Thé / Chocolat chaud,,Té / Chocolate caliente,,Chá / Chocolate quente,,Thee / Warme chocolademelk,,Herbata / Kakao,,Чай / Какао,,Tea / Kakaó,,Čaj / Kakao,,Čaj / Kakao,,Čaj / Kakav,,Чай / Какао,,Ceai / Cacao,,
Vino,Bijela vina 🥂,Chard Deklić,,,"29,50","29,50",,DA,DA,,,,,,,,,,,,,,,,,,,,,,,,,,,,,,,,
Vino,Bijela vina 🥂,Chard Apolitico,,,"28,00","28,00",,DA,DA,,,,,,,,,,,,,,,,,,,,,,,,,,,,,,,,
Vino,Bijela vina 🥂,Matuško Grk,,,"43,50","43,50",,DA,DA,,,,,,,,,,,,,,,,,,,,,,,,,,,,,,,,
Vino,Bijela vina 🥂,Maestoso Sur Lie,,,"40,00","40,00",,DA,DA,,,,,,,,,,,,,,,,,,,,,,,,,,,,,,,,
Vino,Bijela vina 🥂,Sauvignon Blanc,,,"30,00","30,00",,DA,DA,,,,,,,,,,,,,,,,,,,,,,,,,,,,,,,,
Vino,Bijela vina 🥂,Malvazija Bastijan,,,"33,00","33,00",,DA,DA,,,,,,,,,,,,,,,,,,,,,,,,,,,,,,,,
Vino,Bijela vina 🥂,Malvazija Deklić,,,"29,50","29,50",,DA,DA,,,,,,,,,,,,,,,,,,,,,,,,,,,,,,,,
Vino,Bijela vina 🥂,Malvazija Kozlović,,,"43,00","43,00",,DA,DA,,,,,,,,,,,,,,,,,,,,,,,,,,,,,,,,
Vino,Bijela vina 🥂,Pošip Nerica,,,"43,00","43,00",,DA,DA,,,,,,,,,,,,,,,,,,,,,,,,,,,,,,,,
Vino,Bijela vina 🥂,Kolarić Pinot Sivi,,,"33,00","33,00",,DA,DA,,,,,,,,,,,,,,,,,,,,,,,,,,,,,,,,
Vino,Crna vina 🍷,Teran Deklić,,,"36,00","36,00",,DA,DA,,,,,,,,,,,,,,,,,,,,,,,,,,,,,,,,
Vino,Crna vina 🍷,Cabernet Korlat,,,"41,00","41,00",,DA,DA,,,,,,,,,,,,,,,,,,,,,,,,,,,,,,,,
Vino,Crna vina 🍷,Merlot / Syrah Korlat,,,"41,00","41,00",,DA,DA,,,,,,,,,,,,,,,,,,,,,,,,,,,,,,,,
Vino,Crna vina 🍷,Crljenak Kaštelanski,,,"46,50","46,50",,DA,DA,,,,,,,,,,,,,,,,,,,,,,,,,,,,,,,,
Vino,Crna vina 🍷,Čaruga Apolitico,,,"34,00","34,00",,DA,DA,,,,,,,,,,,,,,,,,,,,,,,,,,,,,,,,
Vino,Crna vina 🍷,Komadina Sansigot,,,"28,00","28,00",,DA,DA,,,,,,,,,,,,,,,,,,,,,,,,,,,,,,,,
Vino,Crna vina 🍷,Essenca Matela Crljenak,,,"82,00","82,00",,DA,DA,,,,,,,,,,,,,,,,,,,,,,,,,,,,,,,,
Vino,Rosé i prosecco 🌸,Deklić Rosé,,,"28,00","28,00",,DA,DA,,,,,,,,,,,,,,,,,,,,,,,,,,,,,,,,
Vino,Rosé i prosecco 🌸,Apolitico Rosé,,,"28,00","28,00",,DA,DA,,,,,,,,,,,,,,,,,,,,,,,,,,,,,,,,
Vino,Rosé i prosecco 🌸,Prosecco Ripe — čaša,,,"6,00","6,00",,DA,DA,,Prosecco Ripe — glass,,Prosecco Ripe — Glas,,Prosecco Ripe — calice,,Prosecco Ripe — verre,,Prosecco Ripe — copa,,Prosecco Ripe — copo,,Prosecco Ripe — glas,,Prosecco Ripe — kieliszek,,Просекко Ripe — бокал,,Prosecco Ripe — pohár,,Prosecco Ripe — sklenka,,Prosecco Ripe — pohár,,Prosecco Ripe — kozarec,,Просеко Ripe — келих,,Prosecco Ripe — pahar,,
Vino,Rosé i prosecco 🌸,"Prosecco Ripe 0,75 L",,,"28,00","28,00",,DA,DA,,,,,,,,,,,,,,,,,,,,,,,,,,,,,,,,
Vino,Šampanjac 🥇,Dom Perignon,,,"510,00","510,00",,DA,DA,,,,,,,,,,,,,,,,,,,,,,,,,,,,,,,,
Vino,Šampanjac 🥇,Moët & Chandon Brut,,,"120,00","120,00",,DA,DA,,,,,,,,,,,,,,,,,,,,,,,,,,,,,,,,
Vino,Šampanjac 🥇,Veuve Clicquot Brut,,,"130,00","130,00",,DA,DA,,,,,,,,,,,,,,,,,,,,,,,,,,,,,,,,
Vino,Šampanjac 🥇,Grazia Deklić,,,"68,00","68,00",,DA,DA,,,,,,,,,,,,,,,,,,,,,,,,,,,,,,,,
Deserti,,Palačinke s Nutellom,,,"6,50","6,50",,DA,DA,,Pancakes with Nutella,,Palatschinken mit Nutella,,Crêpes alla Nutella,,Crêpes au Nutella,,Crepes de Nutella,,Crepes com Nutella,,Pannenkoekjes met Nutella,,Naleśniki z Nutellą,,Блинчики с Nutella,,Palacsinta Nutellával,,Palačinky s Nutellou,,Palacinky s Nutellou,,Palačinke z Nutello,,Млинці з Nutella,,Clătite cu Nutella,,
Deserti,,Palačinke s čokoladom / marmeladom,,,"6,00","6,00",,DA,DA,,Pancakes with chocolate / jam,,Palatschinken mit Schokolade / Marmelade,,Crêpes al cioccolato / alla marmellata,,Crêpes au chocolat / à la confiture,,Crepes de chocolate / mermelada,,Crepes com chocolate / compota,,Pannenkoekjes met chocolade / jam,,Naleśniki z czekoladą / dżemem,,Блинчики с шоколадом / джемом,,Palacsinta csokoládéval / lekvárral,,Palačinky s čokoládou / marmeládou,,Palacinky s čokoládou / džemom,,Palačinke s čokolado / marmelado,,Млинці з шоколадом / джемом,,Clătite cu ciocolată / gem,,
Deserti,,Palačinke sa sladoledom,,,"7,00","7,00",,DA,DA,,Pancakes with ice cream,,Palatschinken mit Eis,,Crêpes con gelato,,Crêpes à la glace,,Crepes con helado,,Crepes com gelado,,Pannenkoekjes met ijs,,Naleśniki z lodami,,Блинчики с мороженым,,Palacsinta fagylalttal,,Palačinky se zmrzlinou,,Palacinky so zmrzlinou,,Palačinke s sladoledom,,Млинці з морозивом,,Clătite cu înghețată,,
Deserti,,Panna cotta,,,"5,00","5,00",,DA,DA,,Panna cotta,,Panna cotta,,Panna cotta,,Panna cotta,,Panna cotta,,Panna cotta,,Panna cotta,,Panna cotta,,Панна-котта,,Panna cotta,,Panna cotta,,Panna cotta,,Panna cotta,,Панна-кота,,Panna cotta,,
Deserti,,Sorbet,,,"6,50","6,50",,DA,DA,,Sorbet,,Sorbet,,Sorbetto,,Sorbet,,Sorbete,,Sorvete,,Sorbet,,Sorbet,,Сорбет,,Sorbet,,Sorbet,,Sorbet,,Sorbet,,Сорбет,,Sorbet,,
Deserti,,Čokoladni soufflé,,,"7,00","7,00",,DA,DA,,Chocolate soufflé,,Schokoladensoufflé,,Soufflé al cioccolato,,Soufflé au chocolat,,Soufflé de chocolate,,Soufflé de chocolate,,Chocoladesoufflé,,Suflet czekoladowy,,Шоколадное суфле,,Csokoládés szuflé,,Čokoládové suflé,,Čokoládové suflé,,Čokoladni sufle,,Шоколадне суфле,,Sufleu de ciocolată,,
Deserti,,Soufflé od pistacija,,,"7,00","7,00",,DA,DA,,Pistachio soufflé,,Pistaziensoufflé,,Soufflé al pistacchio,,Soufflé à la pistache,,Soufflé de pistacho,,Soufflé de pistácio,,Pistachesoufflé,,Suflet pistacjowy,,Фисташковое суфле,,Pisztáciás szuflé,,Pistáciové suflé,,Pistáciové suflé,,Sufle s pistacijo,,Фісташкове суфле,,Sufleu de fistic,,
Deserti,,Soufflé od bijele čokolade,,,"7,00","7,00",,DA,DA,,White chocolate soufflé,,Soufflé mit weißer Schokolade,,Soufflé al cioccolato bianco,,Soufflé au chocolat blanc,,Soufflé de chocolate blanco,,Soufflé de chocolate branco,,Witte-chocoladesoufflé,,Suflet z białej czekolady,,Суфле из белого шоколада,,Fehércsokoládés szuflé,,Suflé z bílé čokolády,,Suflé z bielej čokolády,,Sufle iz bele čokolade,,Суфле з білого шоколаду,,Sufleu de ciocolată albă,,
Deserti,,Tart od limuna,,,"6,50","6,50",,DA,DA,,Lemon tart,,Zitronentarte,,Crostata al limone,,Tarte au citron,,Tarta de limón,,Tarte de limão,,Citroentaart,,Tarta cytrynowa,,Лимонный тарт,,Citromtorta,,Citronový koláč,,Citrónový koláč,,Limonina pita,,Лимонний тарт,,Tartă cu lămâie,,
Deserti,,Slatki ravioli s jabukom,,,"6,50","6,50",,DA,DA,,Sweet apple ravioli,,Süße Apfel-Ravioli,,Ravioli dolci alla mela,,Raviolis sucrés aux pommes,,Raviolis dulces de manzana,,Ravioli doces de maçã,,Zoete appelravioli,,Słodkie ravioli z jabłkiem,,Сладкие равиоли с яблоком,,Édes almás ravioli,,Sladké jablečné ravioli,,Sladké jablkové ravioli,,Sladki jabolčni ravioli,,Солодкі равіолі з яблуком,,Ravioli dulci cu mere,,
